,pwm,xtorq_xmag_3.6,xtorq_xoffset_3.6,xtorq_ymag_3.6,xtorq_yoffset_3.6,xtorq_zmag_3.6,xtorq_zoffset_3.6,xtorq_volt_3.6,xtorq_xmag_3.7,xtorq_xoffset_3.7,xtorq_ymag_3.7,xtorq_yoffset_3.7,xtorq_zmag_3.7,xtorq_zoffset_3.7,xtorq_volt_3.7,xtorq_xmag_3.8,xtorq_xoffset_3.8,xtorq_ymag_3.8,xtorq_yoffset_3.8,xtorq_zmag_3.8,xtorq_zoffset_3.8,xtorq_volt_3.8,xtorq_xmag_3.9,xtorq_xoffset_3.9,xtorq_ymag_3.9,xtorq_yoffset_3.9,xtorq_zmag_3.9,xtorq_zoffset_3.9,xtorq_volt_3.9,xtorq_xmag_4.0,xtorq_xoffset_4.0,xtorq_ymag_4.0,xtorq_yoffset_4.0,xtorq_zmag_4.0,xtorq_zoffset_4.0,xtorq_volt_4.0,xtorq_xmag_4.1,xtorq_xoffset_4.1,xtorq_ymag_4.1,xtorq_yoffset_4.1,xtorq_zmag_4.1,xtorq_zoffset_4.1,xtorq_volt_4.1,xtorq_xmag_4.2,xtorq_xoffset_4.2,xtorq_ymag_4.2,xtorq_yoffset_4.2,xtorq_zmag_4.2,xtorq_zoffset_4.2,xtorq_volt_4.2,ytorq_xmag_3.6,ytorq_xoffset_3.6,ytorq_ymag_3.6,ytorq_yoffset_3.6,ytorq_zmag_3.6,ytorq_zoffset_3.6,ytorq_volt_3.6,ytorq_xmag_3.7,ytorq_xoffset_3.7,ytorq_ymag_3.7,ytorq_yoffset_3.7,ytorq_zmag_3.7,ytorq_zoffset_3.7,ytorq_volt_3.7,ytorq_xmag_3.8,ytorq_xoffset_3.8,ytorq_ymag_3.8,ytorq_yoffset_3.8,ytorq_zmag_3.8,ytorq_zoffset_3.8,ytorq_volt_3.8,ytorq_xmag_3.9,ytorq_xoffset_3.9,ytorq_ymag_3.9,ytorq_yoffset_3.9,ytorq_zmag_3.9,ytorq_zoffset_3.9,ytorq_volt_3.9,ytorq_xmag_4.0,ytorq_xoffset_4.0,ytorq_ymag_4.0,ytorq_yoffset_4.0,ytorq_zmag_4.0,ytorq_zoffset_4.0,ytorq_volt_4.0,ytorq_xmag_4.1,ytorq_xoffset_4.1,ytorq_ymag_4.1,ytorq_yoffset_4.1,ytorq_zmag_4.1,ytorq_zoffset_4.1,ytorq_volt_4.1,ytorq_xmag_4.2,ytorq_xoffset_4.2,ytorq_ymag_4.2,ytorq_yoffset_4.2,ytorq_zmag_4.2,ytorq_zoffset_4.2,ytorq_volt_4.2,ztorq_xmag_3.6,ztorq_xoffset_3.6,ztorq_ymag_3.6,ztorq_yoffset_3.6,ztorq_zmag_3.6,ztorq_zoffset_3.6,ztorq_volt_3.6,ztorq_xmag_3.7,ztorq_xoffset_3.7,ztorq_ymag_3.7,ztorq_yoffset_3.7,ztorq_zmag_3.7,ztorq_zoffset_3.7,ztorq_volt_3.7,ztorq_xmag_3.8,ztorq_xoffset_3.8,ztorq_ymag_3.8,ztorq_yoffset_3.8,ztorq_zmag_3.8,ztorq_zoffset_3.8,ztorq_volt_3.8,ztorq_xmag_3.9,ztorq_xoffset_3.9,ztorq_ymag_3.9,ztorq_yoffset_3.9,ztorq_zmag_3.9,ztorq_zoffset_3.9,ztorq_volt_3.9,ztorq_xmag_4.0,ztorq_xoffset_4.0,ztorq_ymag_4.0,ztorq_yoffset_4.0,ztorq_zmag_4.0,ztorq_zoffset_4.0,ztorq_volt_4.0,ztorq_xmag_4.1,ztorq_xoffset_4.1,ztorq_ymag_4.1,ztorq_yoffset_4.1,ztorq_zmag_4.1,ztorq_zoffset_4.1,ztorq_volt_4.1,ztorq_xmag_4.2,ztorq_xoffset_4.2,ztorq_ymag_4.2,ztorq_yoffset_4.2,ztorq_zmag_4.2,ztorq_zoffset_4.2,ztorq_volt_4.2
0,-255.0,-52.36,-12.47446081277211,82.01,1.667118523771821,-32.8,-0.5211488139743085,3.57,-52.7,-12.651633616645409,82.26,1.940777581695031,-33.05,-0.1925250197915439,3.66,-52.52,-12.97408423677998,82.51,1.7669162323525518,-32.74,-0.2650431253756847,3.75,-53.22,-13.083746860843542,82.53,1.6318682452243605,-32.43,-0.1520692905103524,3.85,-53.27,-13.7789342866253,82.35,1.255194847605212,-32.16,0.67080894393866,3.95,-54.17,-13.7789342866253,82.82,1.255194847605212,-31.91,0.67080894393866,4.05,-65.88,-15.381982165633108,71.19,1.0085612437876486,-31.9,-0.14474559638477,4.19,-61.89,4.150330655979234,59.65,-8.068288391901575,-52.78,-15.22244554947148,3.58,-62.03,4.150330655979234,59.88,-8.068288391901575,-52.95,-15.22244554947148,3.62,-61.89,5.138994579320029,59.7,-8.542303473779874,-53.34,-16.139874714122353,3.78,-61.89,5.315880644250902,59.53,-8.329623028177268,-53.72,-16.759407212546346,3.88,-62.59,5.315880644250902,97.32,-8.329623028177268,-52.65,-16.759407212546346,3.93,-55.18,5.384582233803906,57.47,-9.037881170192495,-53.95,-18.04375778833323,4.1,-54.44,5.827449242057728,57.28,-9.342855360572328,-54.46,-17.866533779375743,4.18,-72.19,-7.872981461934281,70.43,-1.8135241933119137,-50.94,-5.994823587837728,3.59,-73.66,-8.84166666300155,69.78,-1.4188532787966592,-51.44,-5.920513137543784,3.68,-73.31,-8.902717642682257,69.39,-2.3443115993021486,-51.18,-5.953166201199202,3.79,-75.02,-8.77228233166204,65.52,-2.2564400316664277,-52.06,-5.8673654560847845,3.88,-75.5,-9.169361618727171,65.8,-1.9889949934761193,-52.48,-6.5017944979548625,3.99,-74.31,-9.169361618727171,68.16,-1.9889949934761193,-51.6,-6.5017944979548625,4.04,-76.85,-9.685474379132387,66.53,-1.8508338079635098,-52.92,-6.314039832285105,4.2
1,-245.0,-53.23,-11.971286656801064,82.27,1.6130677884669242,-32.92,-0.3448736573883851,3.57,-53.24,-12.23020687591789,82.39,1.797533004099732,-32.51,-0.0738362969962731,3.67,-53.53,-12.581665548057186,82.64,1.6419940402272517,-32.51,-0.1435892025566119,3.76,-54.32,-12.63789644168569,82.65,1.5437985272989274,-31.84,-0.0427494637099473,3.86,-54.17,-13.301256829047736,82.2,1.220872774315326,-32.24,0.743840195582564,3.96,-55.36,-13.55628186684138,82.84,1.3973752407106783,-32.39,0.5753005863294379,4.06,-66.92,-14.858298000495004,71.18,0.9705759179776834,-31.63,-0.018333753202671,4.19,-61.35,4.066053176152366,59.24,-7.757059299129753,-53.9,-14.672782393537512,3.58,-62.03,4.066053176152366,59.27,-7.757059299129753,-53.94,-14.672782393537512,3.63,-61.52,4.976253327477779,58.99,-8.249553003138173,-54.03,-15.461289278100734,3.79,-61.79,5.127985048663853,59.02,-8.05251403161211,-55.15,-16.057520230370795,3.89,-62.45,5.127985048663853,96.38,-8.05251403161211,-53.05,-16.057520230370795,3.93,-54.72,5.226197507172788,56.75,-8.68994322332003,-54.92,-17.339277313819462,4.11,-54.22,5.628054931842108,56.68,-8.95175225231051,-55.4,-17.2307057216276,4.19,-73.1,-7.660459779645675,70.43,-1.80147889615008,-51.35,-5.644249323034829,3.59,-73.93,-8.52911943713579,69.91,-1.3761216251993016,-51.82,-5.612911362084073,3.68,-73.86,-8.675569545989209,69.15,-2.2477274533950293,-52.23,-5.664508247979651,3.79,-75.64,-8.5946891023485,65.25,-2.1802585377379864,-52.08,-5.574169033565388,3.89,-76.25,-8.903473772450866,65.5,-1.9618250700464843,-52.68,-6.189019113270489,4.0,-75.1,-8.903473772450866,67.79,-1.9618250700464843,-52.16,-6.189019113270489,4.04,-77.81,-9.445187802963458,66.24,-1.8211395719984644,-53.27,-5.922918286424381,4.2
2,-235.0,-52.7,-11.46983533490801,82.39,1.5563608557400137,-32.93,-0.1833942341109588,3.58,-52.81,-11.799995548954069,82.2,1.660781386497948,-32.72,0.0352010326736877,3.67,-53.31,-12.175620661386327,82.12,1.5222326406944868,-32.51,-0.0320302095703154,3.77,-53.75,-12.184845213964095,82.27,1.4571665902385782,-31.72,0.0582359216039626,3.86,-54.13,-12.81631279638783,82.07,1.183603870817789,-32.24,0.8078282896194926,3.96,-54.89,-13.042466536038258,82.58,1.3161115735602196,-32.22,0.6648304379059042,4.07,-66.83,-14.324232173610088,71.06,0.9314060290430888,-31.41,0.0975602159432414,4.2,-61.94,3.972971223698603,59.49,-7.446364510381692,-52.85,-14.113142014678486,3.58,-61.71,3.972971223698603,59.37,-7.446364510381692,-53.22,-14.113142014678486,3.64,-61.54,4.808817761194266,59.21,-7.952822962183939,-53.57,-14.784004629342167,3.79,-61.97,4.937589989043491,59.49,-7.770989607830195,-54.43,-15.356934840917482,3.89,-62.72,4.937589989043491,96.66,-7.770989607830195,-52.67,-15.356934840917482,3.94,-55.15,5.061757545358798,57.0,-8.343070564347482,-53.98,-16.6296784221451,4.11,-54.75,5.425425318022705,57.22,-8.564758686497854,-54.5,-16.58298897074992,4.2,-72.62,-7.436876653929363,70.36,-1.7837409773910744,-50.76,-5.30399933920438,3.6,-73.41,-8.212671977824847,69.98,-1.333436522658484,-50.88,-5.310781508955331,3.69,-73.64,-8.433968325899645,69.58,-2.152625166115163,-51.77,-5.3787596029879445,3.8,-75.49,-8.39750939785026,65.64,-2.103542912260985,-51.8,-5.285283459649848,3.89,-76.12,-8.626699739972063,65.62,-1.9295545288969196,-52.39,-5.878924864197328,4.01,-74.76,-8.626699739972063,67.83,-1.9295545288969196,-51.48,-5.878924864197328,4.05,-77.53,-9.188512428023934,66.34,-1.7878893889591585,-53.02,-5.545730261722483,4.21
3,-225.0,-51.84,-10.970032595040898,82.09,1.497218779417028,-32.83,-0.0364457439527003,3.58,-52.32,-11.361342445244356,82.53,1.530393473757094,-32.45,0.1346608642467269,3.68,-53.17,-11.756476388714864,82.17,1.4075529541213485,-32.7,0.0697396580019939,3.77,-52.83,-11.72481173307823,82.1,1.3720397764924537,-32.06,0.1508737408078205,3.87,-53.6,-12.324376710276384,82.23,1.1436090394067542,-32.27,0.8628924569233938,3.97,-53.95,-12.52353867021805,82.45,1.2368435102633002,-31.83,0.7434766509849702,4.08,-65.59,-13.780281197714606,71.23,0.8911864772297524,-31.05,0.2030208103494529,4.2,-62.44,3.87139091277756,59.35,-7.136081893504182,-52.01,-13.54430522561972,3.59,-62.06,3.87139091277756,59.57,-7.136081893504182,-52.17,-13.54430522561972,3.64,-61.87,4.636882938094073,59.34,-7.652181171122614,-52.78,-14.108330428589165,3.8,-62.27,4.744800178779764,59.13,-7.485097132565913,-53.05,-14.657950245047202,3.9,-62.92,4.744800178779764,96.71,-7.485097132565913,-51.96,-14.657950245047202,3.94,-55.58,4.891485375057772,57.33,-7.997059578416407,-53.42,-15.9155820363506,4.11,-54.93,5.219669816402608,57.87,-8.181607617317928,-54.54,-15.924225727334068,4.2,-72.28,-7.20264142904819,70.77,-1.7604215406310166,-50.8,-4.973959114784578,3.6,-73.44,-7.892465940921807,69.8,-1.2906574945587024,-51.2,-5.014211050926494,3.69,-73.24,-8.178487905222775,69.36,-2.0588640262807716,-51.54,-5.096124119591085,3.8,-74.91,-8.181509347339667,65.81,-2.026233095428416,-51.77,-5.000816028449897,3.9,-75.12,-8.339452834207954,65.56,-1.8923048048880398,-51.82,-5.5717718546714,4.01,-74.36,-8.025905508891766,68.05,-1.0313876834874227,-50.89,-5.110758925684003,4.06,-77.03,-8.916086310794265,66.35,-1.7510902709480547,-52.23,-5.182192578047175,4.21
4,-215.0,-51.1,-10.471804185147674,81.82,1.435862613323903,-32.93,0.0962366132757171,3.58,-52.51,-10.91459037427919,82.45,1.4062400107445854,-32.61,0.2246170927512353,3.68,-52.76,-11.324759541990248,82.4,1.2978759008749277,-32.36,0.161826204579107,3.77,-52.43,-11.258014554427556,82.07,1.2884854285096932,-31.73,0.2351508692780682,3.88,-52.28,-11.825723092344187,82.11,1.1011091823763763,-32.79,0.9091519283682148,3.98,-52.61,-11.999731687707406,82.5,1.1595798973193328,-31.97,0.8114079772736771,4.08,-65.65,-13.226941585544806,71.06,0.8500521627835624,-30.86,0.2981325293124489,4.2,-62.64,3.7616183575488447,59.64,-6.826089316344014,-51.43,-12.967052839086536,3.59,-62.52,3.7616183575488447,59.44,-6.826089316344014,-51.44,-12.967052839086536,3.65,-62.27,4.4606439158017785,59.74,-7.347695450159646,-51.99,-13.43457633658424,3.8,-62.34,4.549720331262625,59.96,-7.194883981553649,-53.03,-13.96086564362076,3.9,-63.24,3.803420955139315,97.38,-9.759254846953516,-51.09,-12.161699825609087,3.95,-55.9,4.715604022965544,57.69,-7.6517066506683635,-52.96,-15.197609079476427,4.12,-55.05,5.010897842784908,58.26,-7.802031998954296,-53.72,-15.255258191971414,4.21,-71.65,-6.958163449264993,70.83,-1.7316316894660277,-50.08,-4.654014128213621,3.6,-73.45,-7.568642982279759,69.86,-1.2476440642844515,-50.84,-4.7232874607665005,3.7,-73.44,-7.909702206767821,69.52,-1.96630332271008,-50.86,-4.816805651156081,3.8,-75.09,-7.94745507998906,65.69,-1.9482690274332721,-51.65,-4.720874034077271,3.9,-74.83,-8.042146368075738,65.69,-1.8501973328804566,-51.44,-5.267820188628725,4.01,-73.98,-7.632298318696341,67.86,-1.0090496256887662,-50.89,-4.815423147145117,4.06,-76.28,-8.62854750775491,66.11,-1.7107492300676135,-51.94,-4.83202205526622,4.22
5,-205.0,-50.49,-9.975075853176278,82.04,1.3725134112865771,-32.96,0.2149176377636241,3.59,-51.39,-10.460082145548988,82.06,1.2881917423278375,-32.84,0.3051436132156028,3.69,-51.66,-10.880996933159937,82.21,1.1931224013223156,-32.31,0.2443352345798133,3.78,-53.0,-10.78467223341154,82.04,1.2065708887394382,-31.32,0.3110541823911492,3.88,-51.55,-11.320626464222034,81.64,1.0563252020208096,-32.04,0.946725934827904,3.98,-52.66,-11.47127900683297,82.28,1.0843295812277305,-31.57,0.868793168479068,4.08,-64.87,-12.664709849836932,70.96,0.808137985950407,-31.09,0.3829798721287157,4.21,-62.76,3.643959672172069,60.33,-6.51626464674798,-51.25,-12.38216566780425,3.6,-62.67,3.720644641214,59.82,-6.665663791058472,-50.94,-12.989294296928868,3.66,-62.56,4.280295751941962,60.29,-7.03943361950048,-52.14,-12.763052014069908,3.81,-62.12,4.352455159882027,60.6,-6.900397530527798,-51.78,-13.265980237498953,3.91,-63.45,3.6320304241017256,97.5,-9.19534139377702,-50.22,-11.6874342406576,3.95,-55.88,4.534336515777949,57.87,-7.306808166244907,-51.76,-14.47638047456303,4.12,-55.39,4.799218812972692,58.5,-7.425764785590525,-53.08,-14.576928565253333,4.21,-71.31,-6.703852058842616,70.51,-1.697482527492227,-49.57,-4.344049857929706,3.61,-72.68,-7.241344757751792,69.89,-1.2042557552202275,-50.2,-4.438098211244287,3.7,-72.41,-7.628185153343998,69.47,-1.874802344221311,-51.2,-4.541008051049935,3.81,-74.77,-7.696112724970789,65.53,-1.8695906484685452,-50.84,-4.445564770643701,3.9,-74.3,-7.735193654492615,65.84,-1.8033535477347846,-51.56,-4.967329970005322,4.02,-73.45,-7.244170720064857,67.63,-0.9851421613440104,-50.84,-4.526159432687175,4.07,-76.51,-8.326534075386316,66.21,-1.6668732784202973,-51.58,-4.4949355132473805,4.22
6,-195.0,-49.74,-9.47977334707466,81.88,1.307392227130987,-33.11,0.3198621297003479,3.59,-50.51,-9.998160568544169,82.1,1.1761194133742656,-32.78,0.3763143206682197,3.69,-50.72,-10.425715374171387,82.01,1.0932133758306042,-32.16,0.317372552422903,3.78,-52.78,-10.305003325429649,81.98,1.126363499630829,-31.42,0.3785705555235059,3.89,-51.84,-10.809361347540714,81.65,1.009478000634208,-32.3,0.9757337071764086,3.99,-53.2,-10.938414045921396,82.13,1.0111014084879044,-31.74,0.9158009763081856,4.09,-64.88,-12.094082503327233,70.5,0.7655788469761742,-31.54,0.4576473380947397,4.21,-62.92,3.518720970806842,60.63,-6.206485752562871,-50.67,-11.790424524498178,3.6,-63.01,3.5681031834117216,60.55,-6.374519472311491,-50.87,-12.330072752657378,3.66,-62.78,4.096033504139204,60.65,-6.727463499350559,-51.73,-12.09406712178868,3.81,-62.63,4.153109378027922,60.48,-6.601685155222748,-50.6,-12.573593227542572,3.91,-63.32,3.460539994442595,98.06,-8.645954012136587,-49.61,-11.19764910040631,3.95,-56.38,4.3479058801908215,58.39,-6.962160510287595,-51.67,-13.752517144650865,4.13,-55.84,4.584742142769053,58.81,-7.052538931410177,-52.65,-13.890079047771184,4.22,-70.72,-6.440116602043895,70.53,-1.6580851583057354,-49.76,-4.043951782371032,3.61,-71.89,-6.9107129231909905,69.78,-1.1603520907505263,-49.81,-4.158730775128794,3.71,-72.91,-7.334510667760522,69.71,-1.7842203796326879,-50.89,-4.2689351726396545,3.81,-73.81,-7.428248411457198,65.74,-1.7901378987272278,-50.58,-4.1749955322609225,3.91,-74.91,-7.4190080063757815,65.93,-1.7518948843116373,-50.97,-4.67056130273721,4.02,-73.31,-6.86122315092417,67.9,-0.959575031470555,-50.43,-4.243007481666189,4.07,-76.37,-8.010684070168944,66.6,-1.6194694281085673,-51.4,-4.170649771858421,4.22
7,-185.0,-50.12,-8.985822414790766,81.88,1.2407201146830702,-32.81,0.4113348892752167,3.6,-49.68,-9.52916845275516,81.55,1.0698937687512846,-32.56,0.4382031101374757,3.7,-50.01,-9.959441676972052,81.67,0.9980697447668844,-32.65,0.3810439625271659,3.79,-51.45,-9.819226385881343,82.06,1.0479306036330056,-31.56,0.43768686405158,3.89,-52.58,-10.29220226393102,82.08,0.9607884805107264,-32.23,0.9962944762876776,3.99,-52.32,-10.401370223299327,82.2,0.9399042255992686,-31.76,0.9526001524680724,4.09,-64.77,-11.515556058751953,70.86,0.7225096461067515,-31.03,0.5222194265070069,4.22,-63.17,3.386208367612773,61.13,-5.896630501635479,-50.47,-11.192610221893643,3.6,-63.2,3.4115914985248987,60.74,-6.07936761245597,-50.89,-11.669814867491612,3.67,-63.18,3.9080522300180864,61.47,-6.411852909915332,-51.19,-11.427931320483063,3.81,-63.54,3.951787699090263,60.54,-6.29879423137289,-50.65,-11.884003814612427,3.92,-63.6,3.288882291928067,99.23,-8.110508872986673,-49.12,-10.693360248303916,3.95,-56.77,4.156535142899996,58.98,-6.617560067937984,-51.27,-13.026640012780396,4.13,-56.13,4.367577247977077,59.46,-6.682087390596816,-51.91,-13.19555184011634,4.22,-70.97,-6.167366423131675,70.56,-1.6135506855026727,-48.92,-3.753605379975795,3.61,-71.27,-6.576889134450442,69.99,-1.1157925942598428,-49.81,-3.885272625188958,3.71,-71.58,-7.029252672826613,69.63,-1.694416717762434,-50.77,-4.000790869292245,3.81,-72.94,-7.14462826862063,65.82,-1.7098507184023122,-50.72,-3.9092736130406682,3.91,-73.95,-7.094002736642431,65.94,-1.6959427774716285,-50.39,-4.377774290760409,4.02,-73.35,-6.48315604920113,68.12,-0.9322579770857986,-50.51,-3.9660069934381763,4.08,-75.76,-7.68163554858324,66.35,-1.5685446912348855,-51.49,-3.8588816509671044,4.22
8,-175.0,-50.63,-8.493148804272538,81.73,1.172718127768764,-31.99,0.4896007166775602,3.6,-51.18,-9.053448607672385,81.65,0.9693855533263104,-32.51,0.4908838766517609,3.7,-48.89,-9.482702653509389,81.76,0.9076124284982472,-32.14,0.4354552693113922,3.79,-49.85,-9.327559970166094,82.08,0.9713395431951092,-31.43,0.4883899833518146,3.9,-52.3,-9.769423735023748,81.93,0.9104775439445189,-32.64,1.0085274730356577,4.0,-50.64,-9.860380957293412,82.43,0.8707468790612348,-31.72,0.9793594486657704,4.1,-62.79,-10.92962702884734,71.15,0.6790652835880275,-31.12,0.5767806366620024,4.22,-63.62,3.246727976749475,61.72,-5.586576761812594,-49.64,-10.589503572715962,3.61,-63.56,3.2512718536858314,61.46,-5.780292427929066,-49.99,-11.009114433630248,3.67,-63.31,3.7165469872031887,61.87,-6.09266967140024,-50.3,-10.764954270895585,3.82,-63.45,3.748594836458999,61.31,-5.991772134712615,-50.98,-11.197511199569316,3.92,-63.71,3.1169899423242864,101.53,-7.588422147281746,-50.09,-10.175583527799118,3.96,-56.98,3.960447330601308,59.47,-6.2728032243376335,-50.94,-12.299370001992072,4.13,-56.4,4.147833544399855,59.66,-6.314143117334009,-51.07,-12.49418914288017,4.22,-71.59,-5.8860108663687924,70.73,-1.5639902126791594,-48.9,-3.4728961291821943,3.62,-70.97,-6.240015047383237,70.11,-1.0704367891326734,-49.68,-3.617811234193716,3.71,-72.23,-6.712985091351484,69.75,-1.6052506474287729,-50.06,-3.7367789943747103,3.82,-72.84,-6.846018425633428,65.88,-1.6286690476867904,-50.37,-3.648506307094672,3.91,-73.19,-6.760591158209765,66.15,-1.6356186620753712,-50.86,-4.08922903801094,4.02,-71.87,-6.109669852822592,67.71,-0.9031007392071406,-49.8,-3.695197667359151,4.08,-75.11,-7.340026567109666,66.59,-1.5141060799017132,-50.78,-3.559347970441193,4.22
9,-165.0,-50.12,-8.001678263467927,81.75,1.103607320214005,-32.03,0.5549244120967061,3.61,-50.87,-8.571343842786266,81.9,0.8744655119667574,-32.46,0.5344305152394657,3.7,-49.61,-8.99602511573085,81.48,0.8217623473917842,-32.08,0.4807122771943716,3.8,-48.7,-8.830222633683364,81.77,0.8966576607662795,-31.7,0.5306667888006519,3.9,-50.8,-9.241300282449684,82.15,0.858766093229739,-32.69,1.012551928294297,4.0,-49.73,-9.315679666230302,81.96,0.8036382153732157,-31.87,0.9962476166083224,4.1,-62.11,-10.33679192634964,70.91,0.6353806596658901,-31.25,0.6214154678562129,4.22,-63.59,3.100585912376556,62.18,-5.27620240094101,-49.39,-9.981885389690454,3.61,-63.69,3.0873065160268203,61.79,-5.477378135167938,-49.34,-10.348565243271956,3.67,-63.6,3.5217128333190906,62.07,-5.769981604010731,-49.92,-10.105445633768744,3.82,-63.05,3.5436355035240843,62.4,-5.680666240976311,-49.57,-10.514414583274032,3.92,-63.95,2.944795571397397,102.34,-7.079110005976264,-49.51,-9.645334782340605,3.96,-56.85,3.7598654699905913,60.04,-5.927686364628099,-49.96,-11.571328035326356,4.13,-56.52,3.925620447840476,60.1,-5.948439065805317,-50.44,-11.78683315665404,4.23,-71.49,-5.596459276018091,70.94,-1.5095148434313157,-48.16,-3.201709508428426,3.62,-70.4,-5.900232317842462,70.16,-1.024144198753513,-49.72,-3.356434074912007,3.71,-70.9,-6.386281846144355,69.89,-1.5165814574499275,-50.12,-3.4771034012540567,3.82,-72.78,-6.533185011667938,66.03,-1.546532826773656,-49.94,-3.3928009085346686,3.92,-73.06,-6.419186583994981,66.25,-1.5710439729834793,-50.37,-3.80518564842482,4.03,-72.07,-5.740464999715408,68.2,-0.8720130588519805,-49.42,-3.4306192027851257,4.09,-74.97,-6.98649518222867,66.81,-1.4561606062115118,-50.68,-3.2717655501484515,4.23
10,-155.0,-49.56,-7.511336540324872,81.67,1.033608745844732,-32.31,0.607570775721983,3.61,-48.44,-8.083196967587227,81.83,0.7850043895400413,-32.51,0.5689169209289794,3.71,-50.38,-8.499935875583898,81.53,0.7404404218145867,-32.16,0.5169207905948944,3.8,-49.58,-8.32743293183262,81.32,0.8239522987956573,-31.65,0.5645041557745349,3.9,-48.55,-8.708106427839626,81.79,0.8058750306605416,-32.16,1.0084870729375437,4.0,-49.1,-8.767499768436641,81.96,0.7385870810346239,-31.64,1.0034334080027711,4.11,-62.22,-9.7375472639951,70.8,0.5915906745862273,-31.31,0.6562084193861244,4.22,-63.88,2.9480882886536275,62.19,-4.965385286867514,-48.58,-9.37053648554244,3.62,-63.81,2.919857752680166,62.39,-5.170708950609741,-48.52,-9.688761088615417,3.68,-63.22,3.323744825990374,62.51,-5.443856527952249,-48.38,-9.449715069845062,3.82,-62.76,3.3370144136754702,62.16,-5.365523925898367,-47.42,-9.835013166587377,3.93,-64.22,2.7722318049135417,102.89,-6.581988620024688,-49.06,-9.103629855377076,3.97,-56.38,3.5550125877636813,60.56,-5.582005873950938,-48.28,-10.843135035823702,4.13,-56.79,3.701047374102031,60.69,-5.584708190194309,-49.56,-11.07432608202932,4.23,-70.66,-5.299120996342409,70.65,-1.4502356813552622,-47.84,-2.939930996152689,3.62,-70.86,-5.557682601681204,70.04,-0.9767743465068579,-49.14,-3.1012286201127677,3.72,-71.53,-6.049716860014441,69.99,-1.4282684366441216,-49.71,-3.22196794329729,3.82,-72.6,-6.206894155896506,65.86,-1.4633819958559,-49.36,-3.14226471147239,3.92,-74.32,-6.0702023269152745,66.31,-1.502340145056566,-49.51,-3.525904225938071,4.03,-71.96,-5.3752419278064325,68.04,-0.8389046770377168,-49.34,-3.172311299072117,4.09,-74.5,-6.621679450420707,66.67,-1.3947152822667435,-50.5,-2.9958512099566423,4.23
11,-145.0,-48.39,-7.022049382791323,81.79,0.9629434584868812,-32.42,0.6478046077427193,3.61,-46.81,-7.589350791565692,81.39,0.7008729309135773,-32.64,0.5944169887486928,3.71,-49.9,-7.994961745015984,81.53,0.663567572133746,-32.34,0.5441866139317502,3.81,-50.19,-7.819409420013326,81.47,0.7532907997323831,-31.6,0.5898889596499058,3.91,-47.76,-8.170116692824363,81.59,0.7520252585310808,-31.77,0.9964521378393458,4.01,-47.93,-8.21607468223908,81.91,0.675602322544872,-32.1,1.0010855745561589,4.11,-60.68,-9.132389554519964,70.55,0.5478302285949271,-31.15,0.6812439905482224,4.23,-63.88,2.7895412197402987,62.52,-4.6540032874389015,-48.23,-8.756237672997234,3.62,-63.78,2.749087830778169,62.67,-4.860369090691637,-48.25,-9.0302957618593,3.68,-63.08,3.122838022841618,62.3,-5.1143622634302375,-46.43,-8.798072239867048,3.83,-63.59,3.12883628030311,61.74,-5.0463925652131785,-46.52,-9.15960615037015,3.93,-64.37,2.599231268638866,103.05,-6.096474160381483,-48.38,-8.551484590357227,3.97,-56.06,3.346111710616412,60.23,-5.235558137447706,-46.46,-10.115411926524564,4.14,-56.79,3.4742237389876083,61.22,-5.222683444684547,-48.42,-10.357510119597377,4.23,-69.57,-4.994405371604587,70.82,-1.3862638300471184,-47.97,-2.68744607079318,3.62,-70.68,-5.212507554752551,70.0,-0.9281867557772034,-48.77,-2.852282342564937,3.72,-70.34,-5.70386405577096,70.09,-1.3401708738295783,-49.53,-2.9715764738714148,3.83,-72.42,-5.867911987491475,66.17,-1.3791564951265156,-49.11,-2.8970050100195697,3.92,-72.23,-5.714051699887845,65.78,-1.4296286131552451,-49.35,-3.2516448744867112,4.04,-70.41,-5.013701075022517,68.02,-0.803685334781749,-49.37,-2.920313655576139,4.1,-74.71,-6.246217428166233,66.63,-1.3297771201698694,-50.19,-2.7313217697335284,4.23
12,-135.0,-47.6,-6.533742538815223,81.57,0.8918325119663898,-32.09,0.6758907083482436,3.61,-46.85,-7.090148124212081,81.19,0.6219418809547804,-32.6,0.6110046137269953,3.72,-48.88,-7.481629535974562,81.63,0.5910647187163532,-32.57,0.5626155516237297,3.81,-48.17,-7.306370653624949,81.4,0.6847405060255972,-31.86,0.6068080758032072,3.91,-48.58,-7.627605599034693,81.37,0.6974376791355106,-31.9,0.9765663538736504,4.01,-47.44,-7.661637825964267,81.67,0.6146927864033722,-31.79,0.989372867975528,4.12,-60.5,-8.521815310660482,70.8,0.5042342219378777,-30.83,0.6966066806389934,4.23,-64.17,2.625250819796181,63.11,-4.341934270501961,-47.74,-8.139769764780159,3.62,-63.6,2.5751590174531303,63.17,-4.54644277185078,-47.55,-8.373763055202287,3.69,-63.45,2.919187481497404,61.87,-4.781566630650144,-45.94,-8.15082680457722,3.83,-64.55,2.919205816796953,61.89,-4.723319534655131,-46.31,-8.488492735483153,3.93,-64.61,2.4257265883395136,102.95,-5.62198279800111,-47.42,-7.989914830729754,3.97,-56.72,3.1333858652446187,59.92,-4.8881395402599646,-45.29,-9.388779630469408,4.14,-56.83,3.245258958300297,61.63,-4.862097783459598,-47.28,-9.637227469949575,4.23,-68.56,-4.6827217460674655,70.79,-1.3177103931030052,-48.12,-2.4441402107880976,3.62,-70.34,-4.86484883290959,70.13,-0.8782409499490453,-48.1,-2.609682715037452,3.72,-70.94,-5.349297356223129,70.29,-1.252148057824521,-48.99,-2.7261328463434373,3.83,-73.1,-5.517004635625188,66.47,-1.2937962647784944,-49.22,-2.657129098287942,3.93,-71.44,-5.351148015829889,66.25,-1.3530308121401307,-49.34,-2.9826676980067606,4.04,-71.48,-4.655542879290515,68.19,-0.7662647731014763,-48.94,-2.674665971653205,4.1,-74.62,-5.860747171945699,67.3,-1.2613531320233513,-49.96,-2.477894049346874,4.23
13,-125.0,-47.05,-6.046341756344519,81.7,0.8204969601091955,-32.14,0.6920938777278847,3.62,-47.21,-6.585931775016819,81.17,0.5480819845310663,-32.61,0.6187536908922773,3.72,-48.31,-6.960466060407093,81.49,0.5228527819294998,-32.56,0.5723134080896222,3.81,-46.58,-6.7885351880669536,81.47,0.6183687601244402,-31.95,0.6152483796108814,3.91,-49.38,-7.080847668101402,81.62,0.6423331947679857,-32.08,0.9489489519144062,4.01,-48.34,-7.104422617938848,81.35,0.5558673191095375,-31.58,0.968464039967921,4.12,-59.43,-7.906321045152898,70.55,0.4609375548609668,-30.72,0.702380988954923,4.23,-64.27,2.455523202980885,63.5,-4.029056103903484,-47.31,-7.521913573616533,3.62,-63.47,2.3982335798373486,63.69,-4.229014210524327,-46.34,-7.719756760843052,3.69,-64.61,2.7129882595823123,62.27,-4.445537449817412,-45.91,-7.508288424718084,3.83,-64.77,2.7082277365469536,62.21,-4.396352209958617,-46.08,-7.821972122787178,3.93,-64.59,2.251650389781629,103.29,-5.157930703838026,-46.75,-7.419936419943352,3.98,-57.19,2.917058078344136,60.18,-4.5395464675292665,-44.76,-8.663859070698681,4.14,-56.65,3.014262447843188,62.02,-4.502684160703023,-46.82,-8.91432033367729,4.23,-68.16,-4.364479463993886,71.17,-1.2446864741190424,-47.62,-2.2098988945756384,3.63,-70.35,-4.514848092005408,70.24,-0.826796452406879,-48.15,-2.373517210299251,3.73,-69.17,-4.986590684180165,70.04,-1.164059277447173,-49.18,-2.4858409140803626,3.83,-72.4,-5.154938229469992,66.21,-1.2072412450048298,-48.64,-2.4227442703892414,3.93,-72.43,-4.981904587658603,66.42,-1.2726681768718349,-49.22,-2.7192328004342383,4.04,-69.57,-4.3004677785372785,68.1,-0.7265527330142981,-48.54,-2.4354079466593315,4.11,-73.92,-5.465906738239561,66.77,-1.1894503299296508,-49.25,-2.2352848686644418,4.23
14,-115.0,-46.22,-5.559772783327156,81.42,0.7491578567412355,-32.0,0.6966789160709703,3.62,-47.46,-6.07704455347033,81.19,0.4791639865098497,-32.28,0.6177381152729289,3.72,-47.34,-6.431998130261027,81.43,0.4588526821402769,-32.35,0.5733859877482178,3.81,-47.47,-6.266121578738805,80.99,0.5542429044780525,-31.55,0.6151967464493715,3.92,-47.9,-6.530117421655285,81.67,0.58693270772266,-32.16,0.9137191628355604,4.02,-48.84,-6.5446624764894725,81.84,0.49913476716278,-31.72,0.9385278422403804,4.12,-59.09,-7.28640327073346,70.4,0.4180751276100828,-30.89,0.6986514147924974,4.23,-63.94,2.280664483454019,64.02,-3.715246655490264,-45.85,-6.9034499122316735,3.62,-63.61,2.218473785063126,63.8,-3.90816762314944,-44.91,-7.068870670980271,3.7,-64.91,2.504435414720922,63.61,-4.106342541137487,-46.37,-6.870766761032159,3.83,-65.27,2.4960067529430634,62.7,-4.0655379668580265,-45.95,-7.160343513143031,3.94,-65.16,2.076935298731355,103.5,-4.703734048846698,-46.97,-6.842565201446718,3.98,-57.78,2.697351376610798,60.7,-4.189575304397171,-44.35,-7.941271170252848,4.14,-57.18,2.7813436234193687,61.99,-4.144175530598389,-46.28,-8.189630911371887,4.24,-69.03,-4.040087869646687,71.17,-1.1673031766913504,-47.61,-1.9846076005940008,3.63,-70.29,-4.162646987893095,70.23,-0.7737127865352005,-47.4,-2.143873301119271,3.73,-68.52,-4.616317962451282,70.44,-1.0757638215157574,-49.04,-2.250904530449196,3.83,-71.9,-4.782478898198231,66.44,-1.119431375998513,-48.8,-2.193957820435201,3.93,-72.32,-4.606734728291186,66.4,-1.1886621422109729,-48.62,-2.461600285705165,4.04,-70.76,-3.9481762106896623,68.02,-0.6844589555376133,-48.06,-2.2025792799505317,4.11,-73.15,-5.0623341835282725,67.23,-1.1140757259912295,-49.07,-2.0032110475539953,4.24
15,-105.0,-45.28,-5.073961367711081,81.25,0.678036255688447,-32.02,0.6899106235668295,3.62,-47.23,-5.563829269063037,81.08,0.4150586317585462,-32.5,0.6080317818973395,3.73,-45.34,-5.896752557483823,81.49,0.398985339715776,-32.31,0.5659390950183067,3.82,-48.25,-5.73934838103997,81.16,0.4924302815355745,-31.37,0.6066400516951193,3.92,-45.62,-5.975689381327134,81.63,0.5314571202936877,-31.88,0.8709962175110615,4.02,-48.76,-5.982590819942788,81.8,0.4445039770625125,-32.08,0.899733026499949,4.12,-58.28,-6.662558500138412,70.84,0.3757818404311134,-30.75,0.6855024574482024,4.24,-63.91,2.100980775375194,64.21,-3.400383793109089,-45.42,-6.285159593350899,3.63,-64.14,2.036041900262762,64.16,-3.583987226163272,-44.74,-6.421698577812617,3.7,-64.6,2.2937240045378147,64.35,-3.764049724815814,-45.88,-6.238571474261955,3.84,-65.02,2.282647579375234,64.23,-3.730924181087747,-46.28,-6.50390610741151,3.94,-64.67,1.9015139409548365,104.03,-4.258809003981588,-45.49,-6.258817018688547,3.99,-58.76,2.546611900831931,61.25,-3.78630484732926,-45.19,-7.464001403624732,4.15,-57.79,2.546611900831931,62.43,-3.78630484732926,-45.78,-7.464001403624732,4.24,-68.68,-3.7099563072887096,71.24,-1.0856716044160495,-47.38,-1.7681518072813822,3.63,-68.65,-3.8083871764257378,70.31,-0.7188494757185051,-47.62,-1.920838460266451,3.73,-69.52,-4.239053113845702,70.82,-0.9871209788484983,-48.59,-2.0215275488169433,3.83,-71.54,-4.400392770982249,66.5,-1.0303065979525372,-48.11,-1.970877042537553,3.93,-70.83,-4.226051750644835,66.59,-1.101134143018157,-48.63,-2.210030257755559,4.04,-69.29,-3.598368613674518,68.19,-0.639893181688821,-48.2,-1.976219670882821,4.11,-72.5,-4.650667564292285,67.04,-1.0352363323105487,-48.87,-1.7813894058832973,4.24
16,-95.0,-44.37,-4.588833257444237,81.31,0.6073532107767674,-31.92,0.6720538004047911,3.63,-46.74,-5.046628731285362,81.24,0.3556366651445709,-32.34,0.5897085857939,3.73,-44.72,-5.355256154022936,80.96,0.3431716750230881,-31.75,0.5500785343186789,3.82,-45.84,-5.2084341503699125,81.29,0.4329982337461465,-31.58,0.5895651707245678,3.92,-46.13,-5.417838068747743,81.18,0.4761273347752233,-32.54,0.8208993468148568,4.03,-47.13,-5.4184410666254434,81.82,0.3919837953081475,-32.08,0.8522483444536691,4.13,-58.19,-6.035283246104001,70.93,0.334192593569947,-30.82,0.6630186162185242,4.24,-63.73,1.9167781929040215,64.57,-3.084345384606753,-44.43,-5.667823429699532,3.63,-64.3,1.8511001925685575,64.15,-3.2565572360029837,-44.22,-5.778834273538768,3.7,-64.48,2.08104908665757,65.01,-3.418726821057839,-44.9,-5.612012225149988,3.84,-64.98,1.7253189422182176,64.17,-3.822571740197154,-44.75,-5.669707715117534,3.95,-65.34,1.7253189422182176,104.22,-3.822571740197154,-45.49,-5.669707715117534,3.99,-58.81,2.3101766958839627,62.45,-3.4288050650792004,-45.19,-6.738274011027197,4.15,-58.11,2.3101766958839627,62.94,-3.4288050650792004,-44.89,-6.738274011027197,4.24,-68.39,-3.374494121182795,71.27,-0.9999028608892601,-46.66,-1.56041699307598,3.64,-69.06,-3.4522103134564226,70.67,-0.6620660433412885,-47.3,-1.7045001605097279,3.73,-69.35,-3.8553700611726387,70.43,-0.8979900382636181,-48.4,-1.7979138225506095,3.84,-71.01,-4.00944597699439,66.78,-0.9398068510598944,-47.98,-1.7536092308080327,3.94,-71.3,-3.840268967636747,66.61,-1.0102056141540012,-47.9,-1.9647828205214406,4.04,-69.53,-3.2507454254187005,68.14,-0.5927651524853205,-47.75,-1.7563688188122133,4.12,-72.34,-4.231544937012056,67.16,-0.9529391609900706,-48.66,-1.5695367635201114,4.24
17,-85.0,-43.81,-4.10431420047457,81.03,0.5373297758321338,-32.23,0.6433732467741828,3.63,-46.21,-4.5257857496277305,80.84,0.300768831535339,-32.72,0.5628424219910001,3.73,-45.88,-4.808035731825822,80.84,0.2913326084293047,-31.92,0.5259101100681243,3.83,-44.76,-4.6735974421281,81.08,0.3760141035589094,-31.65,0.5639589789141595,3.93,-46.86,-4.856838005547902,81.56,0.4211642534614209,-32.44,0.7635477816208943,4.03,-44.84,-4.852446634864086,81.42,0.3415830683990976,-31.99,0.7962425478085831,4.13,-57.48,-5.405074021366475,70.49,0.2934422872724714,-31.54,0.6312843903999484,4.24,-63.99,1.7283628502001112,64.63,-2.7670092978300445,-43.9,-5.052222234002888,3.63,-64.34,1.6638109291128127,63.98,-2.92596186910573,-42.87,-5.140871550357399,3.71,-64.63,1.866605718704769,64.7,-3.070441650069006,-43.4,-4.991398674438767,3.84,-64.93,1.8529335159075653,64.03,-3.05048748447569,-43.12,-5.207801711129534,3.94,-65.11,1.5482829282876425,104.9,-3.39443842844786,-44.32,-5.076253134182377,3.99,-58.43,2.072147424378554,63.27,-3.071409138031776,-43.89,-6.013290934170647,4.15,-58.51,2.072147424378554,63.23,-3.071409138031776,-44.17,-6.013290934170647,4.25,-67.91,-3.0341106555917827,71.22,-0.910108049707102,-46.84,-1.3612886364159924,3.64,-67.46,-3.094258054838238,70.75,-0.6032220127880464,-47.48,-1.4949458746180397,3.73,-68.93,-3.4658427272413097,70.73,-0.8082302885793408,-48.08,-1.5802672050172002,3.84,-69.72,-3.610404645406999,66.95,-0.847872075513577,-48.03,-1.542261679358373,3.94,-69.44,-3.4497996921841207,67.16,-0.9159979904791196,-48.12,-1.7261180779388292,4.05,-69.18,-2.9050070838490605,68.17,-0.5429846089445111,-47.45,-1.5430664230947235,4.12,-71.58,-3.8056043581680363,67.33,-0.8671912241322565,-48.94,-1.367369940332201,4.24
18,-75.0,-43.92,-3.620329944750026,80.93,0.4681870046804838,-32.05,0.6041337628643335,3.63,-45.33,-4.001643133580564,80.96,0.2503258757982659,-32.67,0.5275071855170296,3.73,-45.78,-4.255618102839937,81.5,0.243389060301517,-32.05,0.4935396266854327,3.83,-46.03,-4.135056811713996,81.13,0.3215452334230032,-31.73,0.5298083516403367,3.93,-44.52,-4.2929637133584055,81.62,0.3667887786464348,-32.33,0.699060752803122,4.03,-45.59,-4.284840942985365,81.5,0.2933106428347751,-31.98,0.7318843882717334,4.13,-57.25,-4.7724273386620775,70.56,0.2536658217845747,-31.54,0.5903842792889615,4.24,-64.37,1.536040861423073,64.59,-2.4482534006257577,-42.72,-4.439136818986285,3.64,-64.62,1.474336377027828,63.95,-2.5922853419086715,-41.99,-4.508404200467185,3.71,-64.76,1.6367880527876302,64.46,-2.704759325102692,-42.02,-4.56873312230068,3.85,-65.6,1.3703385249292548,63.63,-2.973825239688168,-42.99,-4.479469119331768,3.95,-65.88,1.3703385249292548,104.99,-2.973825239688168,-43.77,-4.479469119331768,4.0,-58.29,1.8326335021187936,62.86,-2.7138500203705496,-41.82,-5.289894373646451,4.15,-58.22,1.8326335021187936,63.65,-2.7138500203705496,-43.79,-5.289894373646451,4.25,-67.69,-2.6892152547785133,71.43,-0.8163982744656958,-46.55,-1.1706522157396164,3.64,-67.97,-2.7346720564242712,70.6,-0.5421769074432746,-47.0,-1.2922630753603244,3.74,-68.54,-3.0710450348609317,70.65,-0.7177010186138892,-47.38,-1.3687915495837206,3.84,-69.32,-3.20403490539242,67.18,-0.7544422115065773,-48.21,-1.3369416823003077,3.94,-70.14,-3.0550572372041525,67.11,-0.8186327068541248,-47.52,-1.4942961339437448,4.05,-68.15,-2.5608540268924527,68.44,-0.49046129208379174,-47.15,-1.336352183086366,4.12,-71.13,-3.373483884240682,67.52,-0.7779995338395679,-48.29,-1.174605756187329,4.24
19,-65.0,-44.32,-3.1368062382185515,80.48,0.4001459511477544,-32.1,0.5546001488645715,3.64,-43.34,-3.474543692634286,81.16,0.2041785428007666,-32.28,0.4837767714003786,3.73,-43.68,-3.698530079012734,81.49,0.1992619510068163,-31.93,0.4530728885893944,3.83,-45.62,-3.5930308145270664,81.25,0.2696589657875686,-31.48,0.487100164279542,3.93,-43.7,-3.7264897138100457,81.1,0.3132218126244191,-32.32,0.6275574912354875,4.03,-46.05,-3.715857409315927,81.46,0.2471753651145927,-32.31,0.6593426175501629,4.14,-56.67,-4.137839710727057,70.59,0.2149980973521449,-31.11,0.5404027821820492,4.24,-64.45,1.340118340732517,64.71,-2.1279555608406824,-41.76,-3.8293479973750455,3.64,-64.93,1.2828388034459042,64.22,-2.255611870848964,-41.15,-3.882026016066804,3.72,-65.31,1.4199232532635642,64.65,-2.355421125997568,-41.51,-3.936052540827646,3.85,-65.57,1.1914183579091993,65.14,-2.5601483448725384,-43.14,-3.880371514014408,3.95,-65.8,1.1914183579091993,104.85,-2.5601483448725384,-42.9,-3.880371514014408,4.0,-58.52,1.5917443449077724,62.93,-2.3558606662790877,-41.06,-4.568926530045976,4.16,-58.34,1.5917443449077724,64.2,-2.3558606662790877,-42.81,-4.568926530045976,4.25,-67.21,-2.3402172630058273,71.46,-0.7188846387611616,-46.33,-0.9883932094850498,3.64,-67.02,-2.37359397406761,70.55,-0.47879025069146847,-46.5,-1.0965392355055192,3.74,-67.77,-2.671550906840722,70.6,-0.6262615171854872,-47.32,-1.1636907096171767,3.84,-69.47,-2.7911028861229985,67.08,-0.6594571992318877,-47.26,-1.1377565337455702,3.94,-69.81,-2.65645491561404,67.05,-0.7182311981396309,-47.34,-1.2695770924722065,4.05,-67.69,-2.217986692475729,68.65,-0.43510494292056173,-47.06,-1.1362657981431556,4.13,-70.65,-2.935821571710445,67.26,-0.6853711022144665,-47.91,-0.990961030953259,4.25
20,-55.0,-44.02,-2.6536688288280907,80.76,0.3334276690598831,-32.19,0.4950372049642257,3.64,-42.66,-2.94483023627932,80.93,0.1621975774102565,-32.63,0.4317250746694375,3.74,-44.15,-3.1372984722916715,80.91,0.1588722009122939,-32.36,0.4046157001987993,3.83,-43.77,-3.0477380059667776,81.4,0.220422643101746,-31.54,0.4358212922082181,3.94,-44.45,-3.1576905285336143,81.11,0.2606842576895282,-32.47,0.549157227791939,4.04,-44.64,-3.14572945218242,81.56,0.203186081737963,-32.3,0.5787859873509136,4.14,-56.04,-3.5018076502976614,70.3,0.1775740142210701,-31.18,0.4814243983756973,4.25,-64.88,1.140901402288054,64.81,-1.8059936463216104,-41.15,-3.223636581894485,3.64,-65.2,1.0894804754993417,64.7,-1.9160256723637648,-40.37,-3.262330789354929,3.72,-65.63,1.202443830725319,64.96,-2.002520262894707,-41.77,-3.3100591675712323,3.85,-65.12,1.0114550529936197,65.62,-2.152823914955434,-41.79,-3.2799761616789893,3.95,-66.21,1.0114550529936197,105.12,-2.152823914955434,-42.57,-3.2799761616789893,4.0,-58.55,1.3495893685485785,63.35,-1.9971740299409528,-39.89,-3.851229603960594,4.16,-58.68,1.3495893685485785,64.33,-1.9971740299409528,-41.97,-3.851229603960594,4.25,-67.13,-1.987526024536565,71.81,-0.6176782461896198,-46.12,-0.8143970960904906,3.64,-66.91,-2.0111654636213423,70.99,-0.41292156591712387,-46.77,-0.9078618278225628,3.74,-66.63,-2.3723747167710787,70.89,-0.5628569788825009,-47.1,-0.9448135278058943,3.85,-68.75,-2.3723747167710787,67.04,-0.5628569788825009,-47.27,-0.9448135278058943,3.94,-69.52,-2.254406040330981,67.11,-0.6149148991962513,-47.08,-1.052221057460234,4.05,-67.54,-1.8761055185257431,69.03,-0.37682530247222024,-47.12,-0.9428469676211065,4.13,-70.79,-2.49325547705778,67.59,-0.5893129413594139,-47.68,-0.8161525844977541,4.25
21,-45.0,-43.48,-2.17084346452659,81.01,0.268253212242807,-32.08,0.4257097313526242,3.64,-43.14,-2.4128455740060897,80.99,0.1242537244941507,-32.58,0.3714259903525959,3.74,-43.43,-2.5724500946242044,80.9,0.1221407303850412,-32.01,0.3482738659324372,3.84,-43.67,-2.4993969414325945,80.99,0.1739036078146758,-31.26,0.3759586108028073,3.94,-43.89,-2.586840679159903,81.06,0.2093970161359162,-32.38,0.4639791933464239,4.04,-42.86,-2.574690489911493,81.62,0.1613516392042983,-32.09,0.4903832493810283,4.14,-54.76,-2.864827670110134,70.06,0.1415284726372382,-30.95,0.4135336271663921,4.25,-64.92,0.938696160249294,64.76,-1.482245524915332,-40.59,-2.622783385269924,3.65,-65.16,0.89442366032044,65.06,-1.5736109628902326,-40.17,-2.649912312530237,3.72,-66.0,0.9844544985628466,65.72,-1.6461041115285,-41.8,-2.6910522033922386,3.85,-65.67,0.8303812359486596,65.42,-1.751268120891316,-40.72,-2.679298905774209,3.95,-66.22,0.8303812359486596,105.72,-1.751268120891316,-41.44,-2.679298905774209,4.0,-59.69,1.1062779888443026,63.61,-1.6375230655397115,-40.14,-3.13764579598167,4.16,-59.19,1.1062779888443026,64.7,-1.6375230655397115,-41.12,-3.13764579598167,4.25,-66.77,-1.6315508836335668,71.79,-0.5128902003471905,-46.14,-0.6485493539941362,3.64,-67.01,-1.6475281809385554,71.08,-0.3444303765047362,-46.8,-0.7263183250803923,3.74,-66.5,-1.9486165265090045,71.06,-0.4645814906514087,-46.94,-0.7582199585930138,3.85,-67.86,-1.849323924272173,67.43,-0.5088052448845996,-47.29,-0.842488132843847,3.95,-69.24,-1.849323924272173,66.83,-0.5088052448845996,-47.34,-0.842488132843847,4.05,-67.07,-1.534910942969348,69.24,-0.31553211175616647,-46.63,-0.7561353908762336,4.13,-69.82,-2.0464236567631406,67.53,-0.48983206337687174,-47.57,-0.6498972366885777,4.25
22,-35.0,-42.96,-1.6882558932619942,80.73,0.2048436345224635,-32.8,0.3468825282190956,3.64,-42.8,-1.878932515305018,80.63,0.0902177289198646,-32.07,0.302953413478244,3.74,-42.11,-2.0045117579577885,80.89,0.0889884597921493,-32.05,0.2841531902090983,3.84,-43.67,-1.9482261763239832,80.84,0.1301692023754985,-31.5,0.3074989954397523,3.94,-42.12,-2.014214687319706,81.2,0.1595809902577374,-32.91,0.3721426187728905,4.04,-43.01,-2.002973940829795,81.51,0.1216808840130114,-32.06,0.3943031553475494,4.14,-53.74,-2.227396282900722,70.06,0.1069963728465374,-31.27,0.3368149678506193,4.25,-65.09,0.7338087287758474,65.44,-1.1565890644686394,-40.46,-2.027569220226681,3.65,-65.75,0.6978306250415005,65.62,-1.2284519588655245,-39.7,-2.0453643777914032,3.73,-65.86,0.7660599701660994,66.48,-1.286220047633338,-40.61,-2.0793308491514617,3.85,-66.35,0.6481295325404638,65.65,-1.3548971336346465,-40.84,-2.079355589748763,3.95,-66.43,0.6481295325404638,106.2,-1.3548971336346465,-41.37,-2.079355589748763,3.95,-59.95,0.8619196215980333,64.33,-1.2766407272589275,-39.76,-2.4290173067005734,4.16,-59.53,0.8619196215980333,64.75,-1.2766407272589275,-40.26,-2.4290173067005734,4.26,-65.98,-1.2727011845596727,72.07,-0.4046316048299938,-45.98,-0.49073546163418424,3.65,-66.99,-1.4506291370332702,71.2,-0.34507451230481007,-46.53,-0.5886756161892104,3.75,-66.24,-1.5205944445091204,71.46,-0.36457067473160365,-46.52,-0.5780831202186621,3.85,-67.75,-1.4416218803548138,67.48,-0.4000236700652892,-47.23,-0.640638422559065,3.95,-68.1,-1.4416218803548138,67.05,-0.4000236700652892,-47.18,-0.640638422559065,4.05,-66.69,-1.1941034037333964,69.37,-0.2511351117897996,-46.91,-0.5761707672645513,4.13,-69.51,-1.5959641673069809,68.04,-0.3869354803693016,-47.85,-0.49191180739349294,4.25
23,-25.0,-42.4,-1.205831862982249,80.8,0.1434199897247899,-32.92,0.2588203957529685,3.64,-42.27,-1.3434338696665278,80.55,0.0599603355548133,-32.45,0.2263812390747719,3.74,-41.22,-1.434010274239879,81.01,0.0593363095007095,-31.65,0.2123594774475726,3.84,-42.73,-1.3944442660404084,81.08,0.0892867692333546,-31.77,0.2304293214954955,3.94,-41.49,-1.4400870746438146,80.89,0.1114570823491461,-33.31,0.2737667349452864,4.04,-42.5,-1.430813223263972,81.53,0.0841826626635147,-32.01,0.2907144569575194,4.14,-53.18,-1.5900100014056728,70.27,0.0741126150948557,-31.25,0.2513529197248652,4.25,-65.29,0.5265452220273243,65.87,-0.8289021328283237,-39.99,-1.438774899490075,3.65,-66.01,0.4998636367948234,65.85,-0.8806328767267984,-39.25,-1.4492807773371037,3.73,-65.82,0.547364958925029,66.14,-0.9229154469436096,-39.92,-1.475194305709703,3.85,-66.26,0.4646325685351759,66.58,-0.9631271241398868,-40.22,-1.4811620570513455,3.95,-66.19,0.4646325685351759,106.7,-0.9631271241398868,-40.49,-1.4811620570513455,3.96,-59.84,0.6166236826128605,65.18,-0.9142599692821656,-39.01,-1.7261863367086716,4.16,-59.78,0.6166236826128605,65.11,-0.9142599692821656,-39.3,-1.7261863367086716,4.26,-65.87,-0.911386271577724,71.86,-0.29301356323415023,-45.52,-0.34084089744883234,3.65,-66.1,-1.0380884945459021,71.25,-0.24858697320683865,-46.5,-0.4111125717604616,3.75,-66.29,-1.0890745999437714,71.41,-0.2627644713160782,-46.12,-0.4045103067945729,3.85,-67.61,-1.0317132214961,67.32,-0.28869160959893386,-46.95,-0.4469320305419075,3.95,-67.7,-0.8533833387447415,67.04,-0.18354404359051868,-47.24,-0.4029927961420743,4.06,-65.94,-0.8533833387447415,69.26,-0.18354404359051868,-46.39,-0.4029927961420743,4.13,-68.92,-1.1425150651697544,67.84,-0.28063020443916503,-47.44,-0.341913116480263,4.25
24,-15.0,-41.68,-0.7234971216353,80.61,0.0842033316757234,-32.56,0.1617881341435712,3.64,-41.74,-0.8066924465810426,80.44,0.0333522892664121,-32.26,0.1417833621705695,3.74,-41.58,-0.8614724554179319,80.49,0.0331051998778132,-32.15,0.13299853206665,3.84,-42.22,-0.8382697659813361,80.88,0.0513236508373845,-31.46,0.1447364643464795,3.94,-41.23,-0.8647323627630217,81.11,0.0652461947042964,-33.22,0.1689707727375595,4.04,-41.85,-0.953165338361232,81.55,0.043012099628081,-32.21,0.1572319820856155,4.15,-52.63,-0.953165338361232,70.15,0.043012099628081,-31.37,0.1572319820856155,4.25,-65.69,0.3172117541633352,66.57,-0.4990625978411758,-39.49,-0.8571812357854243,3.65,-66.11,0.3006849627127091,66.26,-0.5302379329112114,-38.8,-0.8622553033660136,3.73,-66.2,0.3284741782295877,66.83,-0.556237685193706,-39.56,-0.8789417739277604,3.86,-66.36,0.2798229696989404,66.78,-0.5753742633614992,-39.25,-0.8857341511306545,3.95,-66.37,0.2798229696989404,107.09,-0.5753742633614992,-39.86,-0.8857341511306545,3.97,-59.68,0.3704995876918735,65.1,-0.5501137457929903,-38.4,-1.029995086597333,4.16,-59.25,0.3704995876918735,65.2,-0.5501137457929903,-38.71,-1.029995086597333,4.26,-65.3,-0.5480154889505602,72.22,-0.17814717915578,-45.33,-0.19875113987627813,3.65,-65.52,-0.6237210304647869,70.84,-0.15048564673703327,-46.97,-0.24094360963367542,3.75,-65.98,-0.6548231219853019,71.55,-0.15910282059782468,-46.49,-0.23760881243247975,3.85,-67.32,-0.6200112606132296,67.48,-0.1749304983461471,-46.55,-0.2616290607283942,3.95,-67.49,-0.6200112606132296,67.1,-0.1749304983461471,-47.03,-0.2616290607283942,4.05,-65.76,-0.5124511859302361,69.57,-0.11266864817572302,-45.99,-0.23664117686481703,4.13,-68.5,-0.6867144068319152,67.88,-0.17092324768892372,-47.16,-0.1996179838166513,4.25
25,-5.0,-40.85,-0.2411774171690926,80.56,0.0274147142012014,-32.55,0.0560505435802323,3.64,-41.06,-0.2874251134394029,80.63,0.0102160512905517,-32.17,0.0461761584851204,3.75,-40.96,-0.2874251134394029,80.57,0.0102160512905517,-32.26,0.0461761584851204,3.84,-41.76,-0.2799212315462314,81.13,0.0163471896367286,-31.9,0.0504072993691468,3.94,-40.89,-0.2884250733081194,81.3,0.0211692296173426,-32.73,0.0578739630236577,4.04,-41.27,-0.2860929559865463,81.44,0.0157392074875421,-32.19,0.0616862539359763,4.14,-52.22,-0.3173588065036455,70.14,0.0138297266921015,-31.62,0.0545366542293563,4.25,-66.23,0.1061144393434902,66.55,-0.1669483273539872,-39.04,-0.2835690418380481,3.65,-66.24,0.1004568699274579,66.75,-0.1773513438559217,-38.39,-0.2848817480768091,3.73,-66.36,0.1094923414697272,67.23,-0.186234138118017,-39.06,-0.2908724546664331,3.85,-66.77,0.093633361797901,67.17,-0.1910547222539451,-38.28,-0.2940877154353845,3.95,-66.73,0.093633361797901,107.81,-0.1910547222539451,-39.39,-0.2940877154353845,3.97,-60.08,0.123656752638162,65.48,-0.1839350109749663,-37.84,-0.3412857569579265,4.16,-60.18,0.123656752638162,65.39,-0.1839350109749663,-38.25,-0.3412857569579265,4.26,-65.24,-0.1829981809410219,72.06,-0.060143556191003235,-45.42,-0.06435166735471937,3.65,-65.39,-0.20810066759914136,71.01,-0.050629821713617226,-46.47,-0.07837258317585706,3.75,-65.35,-0.21860613980605625,71.65,-0.053525662769835426,-46.02,-0.07748593124411632,3.85,-66.87,-0.2069293106234002,67.61,-0.058861771167542355,-46.77,-0.08498961705454473,3.95,-67.29,-0.2069293106234002,67.46,-0.058861771167542355,-46.95,-0.08498961705454473,4.05,-67.07,-0.17100738321673367,68.8,-0.038418666562811746,-46.22,-0.07715560878879404,4.14,-68.19,-0.22920024877391693,67.98,-0.057821622221039204,-46.99,-0.06474322927042105,4.25
26,5.0,-40.46,0.2412015024684276,80.62,-0.0267248088728388,-32.98,-0.0581275757477195,3.64,-40.62,0.2876049397482525,80.39,-0.0094102158939838,-32.62,-0.0480018388782259,3.75,-40.54,0.2876049397482525,80.61,-0.0094102158939838,-32.64,-0.0480018388782259,3.84,-41.21,0.2885602720900995,81.03,-0.0205529106175608,-31.98,-0.059404463322471,3.95,-40.19,0.2885602720900995,80.96,-0.0205529106175608,-32.79,-0.059404463322471,4.04,-40.72,0.2859997570717603,81.42,-0.0151883333401086,-32.61,-0.0634157472814519,4.14,-51.85,0.3169130814308395,70.38,-0.0132996034671947,-31.35,-0.0566485645474264,4.25,-66.78,-0.1064406082726003,67.21,0.1675628107864507,-38.55,0.2812808696267349,3.65,-66.48,-0.1006583744286295,67.38,0.1779426740019133,-37.58,0.2822460963318344,3.73,-66.69,-0.1094758379646,67.66,0.187047818549067,-37.99,0.2887144512134796,3.86,-67.11,-0.0940036294017979,67.54,0.1904153282283136,-37.74,0.2927614065857682,3.95,-66.77,-0.0940036294017979,107.89,0.1904153282283136,-38.55,0.2927614065857682,3.97,-60.58,-0.1237954067451845,65.93,0.1845432809883418,-37.32,0.3390994516181805,4.17,-60.52,-0.1237954067451845,65.57,0.1845432809883418,-37.49,0.3390994516181805,4.26,-64.95,0.18325630818805036,72.07,0.060886202064059765,-45.47,0.06247204167764641,3.65,-65.0,0.20819867124181757,71.0,0.05112121304518613,-46.08,0.07639665424598806,3.75,-65.09,0.2188102174216211,71.63,0.05402706197489723,-45.8,0.07575104265878377,3.85,-66.74,0.2071193155561909,67.7,0.05939313707626676,-46.88,0.08272619654362144,3.95,-66.73,0.2071193155561909,67.62,0.05939313707626676,-46.43,0.08272619654362144,4.05,-66.45,0.17124763146891311,68.56,0.03929616023081596,-46.15,0.07542420872998001,4.13,-67.9,0.2293893525237865,67.78,0.05866765986202689,-47.47,0.06299432729066447,4.25
27,15.0,-40.35,0.7237138893293152,80.65,-0.07799418372046,-32.86,-0.1804814236509562,3.64,-40.48,0.8075603924531505,80.61,-0.0258683184647387,-33.26,-0.1594255332625186,3.74,-39.69,0.8630908921975785,80.77,-0.025852681308702,-32.74,-0.1494296556045992,3.84,-40.62,0.8424237188542123,81.03,-0.0443763913820784,-31.84,-0.1642124525646986,3.94,-39.92,0.8659491518008429,80.87,-0.05969932370626,-33.1,-0.1827452754268791,4.04,-40.04,0.949153812705977,81.29,-0.0382409906039198,-32.67,-0.1762391749482467,4.15,-51.39,0.949153812705977,70.07,-0.0382409906039198,-31.83,-0.1762391749482467,4.25,-66.71,-0.3201472745253261,67.44,0.5045929487333469,-37.95,0.8365876858836059,3.65,-66.59,-0.3024985032232529,67.92,0.5355599042251361,-36.99,0.8385344376612411,3.73,-67.18,-0.3283256466834424,67.85,0.5635608090731562,-37.18,0.8595197428511788,3.86,-67.21,-0.2831553781340126,67.94,0.5696197171308154,-37.04,0.8737973714841079,3.95,-66.99,-0.2831553781340126,108.42,0.5696197171308154,-38.03,0.8737973714841079,3.97,-60.55,-0.3717474746550768,66.71,0.5555881759133694,-36.89,1.0103183385396195,4.16,-60.5,-0.3717474746550768,65.84,0.5555881759133694,-37.18,1.0103183385396195,4.26,-64.29,0.5503386341738163,72.49,0.18483099201328873,-45.6,0.18183450878262153,3.65,-64.58,0.624603063248873,71.21,0.15490816872115346,-45.88,0.22316024926485448,3.75,-64.62,0.6566598205253856,71.67,0.1636154134433809,-45.74,0.2219948151644869,3.85,-66.13,0.6217213050083462,67.73,0.17971279152466668,-46.75,0.2412582761300847,3.95,-66.28,0.5146134201998511,67.8,0.12056609118776092,-46.22,0.22105857633549061,4.06,-65.67,0.5146134201998511,68.9,0.12056609118776092,-45.68,0.22105857633549061,4.13,-67.39,0.6884163405807412,68.34,0.17853758645781295,-46.75,0.18387786599884198,4.25
28,25.0,-40.19,1.206433995465625,80.7,-0.126172356515725,-33.12,-0.3107461999401489,3.64,-39.27,1.345844830422383,80.44,-0.0391715277723873,-33.43,-0.2753872698857416,3.74,-39.35,1.4385059319611195,80.87,-0.0391904245865116,-33.05,-0.2580014872752095,3.84,-39.32,1.40598302402062,80.91,-0.0699888263019488,-32.35,-0.2845292887683263,3.94,-39.34,1.4434670441933182,80.57,-0.0960491073546005,-33.5,-0.3120292424156185,4.04,-39.13,1.428483250394321,81.03,-0.0704108089776766,-32.41,-0.3339517905944091,4.14,-50.33,1.5788668745855206,70.05,-0.0608595344721857,-32.15,-0.3041506776766186,4.25,-67.16,-0.5346994452550771,67.62,0.8442642186399101,-37.14,1.3815705942072458,3.65,-67.12,-0.5049012493241118,68.33,0.8954161303765891,-36.69,1.3833894837127356,3.73,-67.16,-0.5469523712968477,68.34,0.94325745771986,-36.83,1.4212442193858652,3.86,-67.32,-0.4738892586325986,68.09,0.9471422734990984,-36.95,1.448004335810939,3.95,-67.33,-0.4738892586325986,108.92,0.9471422734990984,-37.99,1.448004335810939,3.97,-61.08,-0.6200900352884252,67.18,0.929466719616552,-35.9,1.6715287032150228,4.16,-60.56,-0.6200900352884252,66.19,0.929466719616552,-36.11,1.6715287032150228,4.25,-64.05,0.9178394527534356,72.4,0.31157971006056345,-45.33,0.29385025552200833,3.65,-63.98,0.919879328804133,71.64,0.2202381149495455,-45.52,0.3373891431820107,3.74,-64.02,1.094176540332893,71.89,0.2752994514426233,-45.55,0.36113809216125947,3.85,-65.83,1.0364633448158682,67.59,0.3019757573170439,-46.27,0.3903465177688254,3.95,-65.81,1.0364633448158682,67.83,0.3019757573170439,-45.83,0.3903465177688254,4.05,-65.61,0.8593895450492274,68.93,0.20548138529062393,-45.62,0.3597077946717232,4.13,-67.13,1.1472426589164937,68.5,0.3017811454638574,-46.78,0.29819056698634827,4.25
29,35.0,-39.65,1.6894360729294104,80.54,-0.1710382734326963,-33.34,-0.4486571044259693,3.64,-38.38,1.8836579983864945,80.44,-0.0494716656663096,-32.89,-0.3990052338677447,3.74,-39.33,2.0133232470914195,80.79,-0.0495025253603213,-32.92,-0.3736115294712667,3.84,-39.04,1.9708421419651987,81.13,-0.0923452342299431,-32.54,-0.4135349312945006,3.94,-39.16,2.0208394276367327,80.52,-0.1293813592684282,-33.5,-0.4471371334147414,4.04,-38.97,1.9984071940052792,81.06,-0.0946880507887687,-33.19,-0.4790483292758532,4.14,-49.25,2.205555754333224,70.02,-0.0810203348261043,-31.42,-0.4402985734360562,4.25,-67.32,-0.7497910063022427,68.16,1.1866987526593489,-36.56,1.915448781872336,3.65,-67.45,-0.7077043455989058,68.61,1.2574271360191145,-36.47,1.916217442287642,3.73,-67.47,-0.765251298414864,69.05,1.3260903887547886,-36.75,1.97358867995674,3.85,-67.85,-0.6662726451314122,68.77,1.3235668263787006,-36.28,2.0143664561175645,3.95,-67.6,-0.6662726451314122,109.4,1.3235668263787006,-36.7,2.0143664561175645,3.97,-61.28,-0.86871367284214,66.75,1.3064459579143246,-35.15,2.321888345053021,4.16,-60.97,-0.86871367284214,66.81,1.3064459579143246,-35.31,2.321888345053021,4.26,-63.95,1.2853494196640678,72.77,0.4410212526097637,-45.37,0.39863380345760924,3.65,-63.63,1.4554313155244056,71.73,0.3691526875516867,-45.25,0.4918550986256296,3.75,-63.16,1.5305942476717982,72.12,0.38913923577963194,-45.74,0.49307357953736786,3.85,-65.47,1.4509321220615592,67.63,0.4260605995927849,-46.06,0.5297308175238241,3.95,-65.36,1.4509321220615592,67.99,0.4260605995927849,-45.56,0.5297308175238241,4.05,-65.43,1.2058755680901887,68.67,0.2941323015220059,-45.54,0.4913321643826632,4.13,-66.11,1.6052302510505896,68.63,0.4283913247776986,-46.79,0.4062156103854201,4.25
30,45.0,-38.54,2.172794373772727,80.13,-0.2123708806454368,-33.38,-0.5939493369190888,3.64,-37.78,2.420657086855061,80.65,-0.0568979872790905,-32.97,-0.5302055301801378,3.74,-38.94,2.587016025641024,80.51,-0.0568680632630399,-33.18,-0.4961539777739808,3.84,-38.17,2.536782517288481,80.75,-0.1113782727169209,-32.53,-0.551242504766779,3.94,-38.36,2.5977917805002946,81.01,-0.1594751771535887,-33.75,-0.5879497175503,4.04,-39.44,2.567141377813825,81.36,-0.1167308332621828,-33.36,-0.630472210364551,4.14,-48.4,2.8287239392128405,70.06,-0.0985884914197876,-31.59,-0.5845983629300735,4.25,-67.23,-0.9651158435072128,68.6,1.532018682944872,-35.97,2.437441436153558,3.64,-67.5,-0.9107455249153344,69.11,1.621508704715555,-36.0,2.436424521187285,3.72,-67.58,-0.983117714647539,69.6,1.7120122264435516,-36.04,2.516253923703004,3.85,-68.02,-0.860372911864309,69.45,1.699477204815161,-36.11,2.5718678889552904,3.95,-67.9,-0.860372911864309,109.53,1.699477204815161,-35.65,2.5718678889552904,3.96,-61.31,-1.117508971513132,67.25,1.686792936623123,-34.69,2.9605550634622477,4.16,-61.45,-1.117508971513132,66.87,1.686792936623123,-34.85,2.9605550634622477,4.25,-63.48,1.6524591906428727,72.76,0.5730445160647692,-44.99,0.49629967415122656,3.64,-63.77,1.6562288980904378,71.81,0.4131816784769038,-45.02,0.5721144703890236,3.74,-62.9,1.9651468133697574,72.29,0.5051948262614145,-45.78,0.6176939831810784,3.85,-65.33,1.8647143238282218,67.68,0.551845883491276,-45.69,0.659151071459061,3.95,-64.74,1.8647143238282218,68.18,0.551845883491276,-45.17,0.659151071459061,4.05,-65.35,1.5543710513958824,69.11,0.38660909886450756,-45.54,0.615891986112296,4.13,-65.48,2.061741060502576,68.49,0.558361112296875,-46.43,0.508236176328294,4.25
31,55.0,-37.78,2.6565831500476285,80.31,-0.2499491243280091,-33.52,-0.7463580972301791,3.64,-39.0,2.95649928633766,80.72,-0.0615797477433147,-33.47,-0.668914263794531,3.74,-37.92,3.159057455662475,80.71,-0.061366117927576,-33.46,-0.625523027764562,3.83,-39.04,3.103585594591004,80.45,-0.1270205993137417,-32.86,-0.697665133808719,3.94,-37.33,3.1740495811532106,80.99,-0.1861096587159279,-34.07,-0.7343477639483464,4.04,-38.97,3.134452383493309,81.16,-0.1365303098985065,-33.7,-0.7880546821534598,4.14,-49.22,3.447874916488124,70.23,-0.1134291040073476,-32.44,-0.7369655468621842,4.25,-67.3,-1.1803678427103772,68.34,1.8803461416496885,-35.07,2.9467677443255926,3.64,-67.86,-1.1138625201410972,68.97,1.9875766200287523,-35.37,2.943416928212988,3.72,-68.12,-1.2004469066049213,69.05,2.1009755950517595,-35.12,3.048940749763858,3.85,-67.88,-1.056257433065145,69.54,2.075457237854017,-35.13,3.119492790875419,3.95,-67.97,-1.056257433065145,110.12,2.075457237854017,-35.65,3.119492790875419,3.96,-61.76,-1.3663665154983116,67.66,2.0707747015593823,-33.99,3.586686657851333,4.16,-61.7,-1.3663665154983116,67.33,2.0707747015593823,-33.95,3.586686657851333,4.25,-63.06,2.018759421427009,73.08,0.7075383968294597,-44.86,0.5869623891646626,3.64,-62.92,2.0241628312185993,71.53,0.5156241281224605,-44.83,0.6775079214317525,3.74,-62.29,2.279792706753721,72.33,0.5932294242321958,-45.65,0.7260811379704248,3.84,-65.29,2.397068108254426,68.21,0.6235262826949788,-45.71,0.7348920089806573,3.94,-65.19,2.277396637198659,68.39,0.6792101741519038,-45.42,0.7783471756385165,4.05,-65.14,1.9051755570394553,69.32,0.4830020363007297,-45.4,0.7333475605046073,4.13,-65.36,2.5161370307919975,68.73,0.691683495918925,-46.68,0.604535444947207,4.25
32,65.0,-37.11,3.1408766538061705,80.3,-0.2835519506544759,-33.25,-0.9056185851699114,3.64,-38.07,3.4908417873438684,80.69,-0.0636462021915669,-33.88,-0.8150575396825341,3.74,-37.18,3.72892072520832,80.68,-0.0630757689868384,-33.48,-0.7616128750242199,3.83,-37.17,3.6710328184733,80.97,-0.1392048715712651,-32.87,-0.8528159430438779,3.93,-35.97,3.749338307964689,80.82,-0.2090639016612915,-34.0,-0.8862120417349326,4.03,-38.21,3.7001067927170856,81.04,-0.154077634198327,-34.35,-0.9516269929355372,4.14,-47.42,4.062512173422828,70.13,-0.1254072723428961,-32.44,-0.8973156259359027,4.25,-67.83,-1.3952408897521251,68.73,2.2318032609270064,-34.77,3.4426468936631207,3.64,-67.9,-1.3168930641438938,69.33,2.3555466655215493,-34.63,3.4366008711660765,3.72,-68.55,-1.4171341608970582,69.72,2.492933118845021,-34.93,3.5713499572785032,3.85,-68.56,-1.2539935829677766,69.03,2.452090754540808,-34.68,3.656225318429256,3.95,-68.27,-1.2539935829677766,110.39,2.452090754540808,-35.19,3.656225318429256,3.96,-62.13,-1.6151768889945894,68.35,2.458658298539538,-33.53,4.19944092762891,4.16,-62.38,-1.6151768889945894,68.82,2.458658298539538,-34.06,4.19944092762891,4.25,-62.12,2.383840767753638,73.38,0.844391791307715,-44.84,0.67073647005972,3.64,-63.49,2.3917473221993157,71.65,0.6222343251766081,-44.67,0.7748052670753794,3.74,-62.3,2.8255920031534583,72.25,0.7441936648873323,-45.63,0.8445603628243714,3.85,-64.67,2.8255920031534583,68.58,0.7441936648873323,-45.41,0.8445603628243714,3.94,-64.53,2.6885657492556723,68.42,0.8080320367140547,-45.41,0.8870590261261714,4.05,-64.59,2.2585886470940544,69.46,0.5834013728132733,-45.37,0.8436591882035821,4.13,-65.14,2.9677801054384014,69.09,0.8283514635413868,-46.68,0.6953965963743958,4.25
33,75.0,-36.48,3.625749137100407,80.28,-0.3129583057988999,-33.64,-1.0714660005489574,3.63,-36.49,4.023341780383261,80.81,-0.063226605756432,-33.7,-0.9685614628157572,3.73,-36.5,4.2960790223311,80.94,-0.0620760960737357,-33.86,-0.9043177151341648,3.83,-35.92,4.238905633535904,80.8,-0.1478637470403506,-32.61,-1.0167080570958136,3.93,-35.85,4.323383439303937,80.89,-0.2281170036955252,-34.41,-1.043423320036111,4.03,-37.05,4.2638711871585055,80.89,-0.169363959662232,-34.76,-1.1210203910037408,4.13,-46.56,4.672139197280706,69.83,-0.1343880961805452,-32.1,-1.065564100854743,4.24,-67.55,-1.6094288704728472,69.01,2.5865121729300355,-34.78,3.9242980714408233,3.64,-68.1,-1.5196748897914236,68.97,2.7253346247567887,-33.76,3.915382557847874,3.71,-68.65,-1.6458303567501629,70.59,2.849648141505798,-35.42,3.8771199885482615,3.84,-69.11,-1.4536487358060588,70.2,2.8299615839210706,-34.81,4.181049628168105,3.95,-68.26,-1.4536487358060588,110.51,2.8299615839210706,-35.02,4.181049628168105,3.95,-62.45,-1.863830676198876,68.73,2.850710773380026,-33.02,4.797975672203609,4.15,-62.2,-1.863830676198876,69.74,2.850710773380026,-33.97,4.797975672203609,4.25,-61.89,2.7472938853599183,73.92,0.9834935959034149,-44.49,0.7477364383982007,3.64,-62.69,2.7588407151795007,71.62,0.7331527462548512,-44.39,0.8639190345509665,3.74,-62.93,3.0930958544630833,72.27,0.828264068216894,-45.88,0.9242075403631969,3.84,-63.28,3.2499523688945122,68.38,0.8672570326454826,-45.54,0.9465917506004868,3.94,-63.29,3.0978083470820654,68.61,0.938190036317115,-45.1,0.9850265189860057,4.05,-64.25,2.6149098836328264,69.2,0.6878973673847392,-45.28,0.9467871698532061,4.13,-64.5,3.4160322279613347,68.89,0.968358003061799,-46.79,0.7811028107420969,4.24
34,85.0,-35.88,4.111274851982391,80.39,-0.3379471359353439,-33.93,-1.2436355431779886,3.63,-35.3,4.553656455965418,80.87,-0.0604502135704946,-33.34,-1.12935213816581,3.73,-35.67,4.860005535083362,80.95,-0.0584461788211767,-33.8,-1.0535317436756069,3.83,-37.38,4.806985484379349,80.77,-0.1529298832718578,-33.24,-1.1893546005880828,3.93,-36.64,4.895910453540162,80.67,-0.2430480625244749,-34.86,-1.2058623679779337,4.03,-36.12,4.82551214849092,81.08,-0.1823804397908089,-34.23,-1.296066124651028,4.13,-47.58,5.276259475325513,69.63,-0.1402366752744069,-32.83,-1.241626472322219,4.24,-66.65,-1.8226256707129325,70.56,2.9445950098119837,-34.69,4.390940464933384,3.64,-68.3,-1.7220457299513865,69.64,3.096856281297312,-33.32,4.379168196059705,3.71,-68.89,-1.860493559375629,71.49,3.2379153639861165,-35.14,4.349278572842251,3.84,-69.13,-1.848164002925789,71.34,3.2856411290491456,-34.22,4.58413871322597,3.94,-68.82,-1.6552902658138484,111.36,3.209653555040344,-34.93,4.692949876643271,3.95,-62.65,-2.112218461308081,69.2,3.247199171897281,-32.43,5.381448690984064,4.15,-62.34,-2.112218461308081,70.15,3.247199171897281,-33.37,5.381448690984064,4.24,-62.3,3.1087094299830094,73.68,1.1247327070204391,-44.54,0.8180768157419073,3.64,-62.3,3.1253013543060657,71.85,0.8485198679726936,-45.26,0.9447617510895758,3.73,-61.88,3.49416577997474,71.91,0.9502423834027557,-45.27,1.0092237442850607,3.84,-62.63,3.669383076305241,68.43,0.9927764457764378,-45.79,1.0408788781972698,3.94,-63.68,3.5047111177606403,68.89,1.0695627381004713,-44.98,1.0719895502819998,4.04,-62.6,2.9744388287289185,69.2,0.796580278997728,-45.27,1.042691806097465,4.12,-64.69,3.8602553418803414,69.3,1.1116961023777,-46.58,0.8619372681825471,4.24
35,95.0,-35.62,4.59752805050418,80.39,-0.3582973872378705,-34.25,-1.421862412867677,3.63,-34.86,5.081443004599913,80.72,-0.0554462807663396,-33.6,-1.297355670704303,3.73,-34.58,5.420173451517647,81.09,-0.0522650968620702,-33.65,-1.209149156229756,3.82,-36.28,5.375053815604174,80.49,-0.1543359378166462,-33.26,-1.3707686981442435,3.93,-35.81,5.466644829042572,80.75,-0.2536361758539862,-34.5,-1.3734099546864529,4.03,-35.07,5.384796258387683,81.18,-0.1931182280846451,-34.28,-1.4765954421703569,4.13,-45.82,5.874376494821002,70.04,-0.142818109378593,-32.6,-1.4254182410418448,4.24,-67.96,-2.034525176312771,71.19,3.30617390372606,-34.58,4.84179326141548,3.63,-67.76,-1.9238433174914824,70.41,3.4700274187059623,-33.5,4.827363993602894,3.71,-68.83,-2.073414174831205,71.61,3.627924089999282,-34.86,4.809917565370256,3.84,-68.42,-2.0622971638824783,71.48,3.686296863991229,-33.62,5.0739198599371935,3.94,-68.98,-1.8589855472250008,112.02,3.591750496944167,-34.38,5.190910220406055,3.95,-63.11,-2.3602308285191165,69.89,3.648390539907738,-31.52,5.949017783378905,4.15,-62.25,-2.3602308285191165,70.81,3.648390539907738,-32.65,5.949017783378905,4.24,-61.25,3.4676780573600716,73.64,1.2679980210626671,-44.12,0.8818721236526421,3.63,-61.35,3.490987583725924,72.19,0.9684761669456402,-44.93,1.0172459439222694,3.73,-61.17,3.8907493761787575,72.23,1.0753823089599945,-45.21,1.0846034788679024,3.84,-62.64,4.083117996213301,68.74,1.120811964087205,-45.59,1.1273144515029867,3.94,-62.68,3.9088607483741993,68.61,1.20202870720351,-44.68,1.1476880160781346,4.04,-62.36,3.337475044455478,69.33,0.9095403666348404,-44.87,1.1313333975803435,4.12,-63.44,4.299811390714969,69.23,1.258358749386628,-45.91,0.9381831488279833,4.24
36,105.0,-35.97,5.084582984717826,80.24,-0.3737880058805426,-34.51,-1.6058818094286926,3.63,-35.47,5.606358616796324,80.74,-0.0483440624765517,-34.44,-1.4724981654028455,3.73,-33.35,5.976055959686504,81.03,-0.0436119298293247,-33.28,-1.371064148377822,3.82,-33.97,5.942892071810909,80.81,-0.1520145682255754,-33.28,-1.5609634743878538,3.92,-35.28,6.035312044180374,80.56,-0.2596604413899051,-34.77,-1.5459468492877202,4.02,-34.08,5.941490098522144,81.04,-0.2015684780443282,-34.28,-1.6624395918546837,4.13,-44.33,6.465993743030924,70.18,-0.1419974982472157,-33.05,-1.616854907717134,4.23,-68.46,-2.244821273112752,71.71,3.671370986825473,-33.84,5.276075648161795,3.63,-67.95,-2.1249053852794093,71.49,3.8447638205455834,-33.54,5.259376158278767,3.7,-68.75,-2.28439714549231,72.02,4.019606499339849,-34.44,5.258727305389763,3.84,-69.07,-2.275369533614115,70.49,4.089757251180806,-32.29,5.552226584659012,3.94,-69.08,-2.275369533614115,111.84,4.089757251180806,-33.58,5.552226584659012,3.94,-63.25,-2.6077583620288918,69.72,4.054551923227833,-31.27,6.499840748796765,4.15,-62.24,-2.6077583620288918,71.03,4.054551923227833,-31.92,6.499840748796765,4.24,-60.36,3.8237904232282633,73.57,1.413178434433979,-44.23,0.9392368836922076,3.63,-62.29,3.8557577475859874,72.1,1.0931621197891952,-44.76,1.0812841402801099,3.73,-60.35,4.28227272026592,72.43,1.2038245560703875,-45.01,1.1501428907447169,3.83,-62.17,4.490390999446349,68.85,1.251423647384792,-45.33,1.2057911764059044,3.94,-62.29,4.309843926005545,69.04,1.335466508765618,-44.72,1.2118618124383902,4.04,-61.41,3.704318092885651,69.84,1.0268678892786778,-44.74,1.2126722449458278,4.12,-63.61,4.7340623179847645,69.5,1.4083389319861217,-46.35,1.010123632810642,4.24
37,115.0,-36.02,5.572513906675384,79.92,-0.3841979380374226,-34.21,-1.7954289326717086,3.62,-35.91,6.128060483064228,80.91,-0.0392728138337158,-35.05,-1.6547057272330483,3.72,-33.74,6.5271262476424745,80.85,-0.032565757355849,-33.59,-1.539170915701015,3.82,-35.14,6.51028169760009,80.28,-0.1458984320495049,-33.36,-1.75995205394247,3.92,-36.02,6.601637577322777,80.68,-0.260899956838077,-34.98,-1.7233538209077883,4.02,-33.5,6.495360250567657,80.99,-0.2077223431704456,-34.11,-1.853429821996967,4.12,-46.62,7.050614707219036,70.2,-0.1376399416343868,-33.98,-1.8158519730516007,4.23,-69.12,-2.4532078469532657,72.06,4.040308391263431,-33.8,5.69300681244701,3.63,-68.18,-2.325069666182869,72.08,4.2209812703790135,-33.16,5.674610897888645,3.7,-68.71,-2.4932474137343648,71.22,4.412894771802372,-32.63,5.695398132158258,3.84,-69.86,-2.487276398730747,71.58,4.495974914883486,-32.45,6.018759686530625,3.94,-69.35,-2.487276398730747,112.27,4.495974914883486,-33.19,6.018759686530625,3.94,-63.62,-2.854691646034317,70.0,4.465950367674003,-30.9,7.033075386646274,4.15,-62.67,-2.854691646034317,71.44,4.465950367674003,-31.79,7.033075386646274,4.24,-60.65,4.176637183324745,73.39,1.5601628435382544,-44.32,0.9902856174224062,3.63,-61.6,4.219470190033168,71.76,1.2227182031188626,-44.83,1.1367888673941593,3.73,-60.01,4.668161889427008,72.48,1.335709835915711,-45.33,1.2056381265484981,3.83,-61.49,4.890435956832039,69.13,1.3846715554762061,-45.54,1.2762017587942887,3.93,-61.4,4.70724733773748,69.35,1.469754707926181,-44.95,1.2642508354267468,4.04,-61.98,4.075267536092586,70.15,1.1486531059118406,-44.65,1.2866686488379024,4.11,-62.89,5.162370067209273,69.28,1.5616296380737196,-46.02,1.0780419002627601,4.23
38,125.0,-35.63,6.061395068428909,79.99,-0.3893061298825735,-35.0,-1.990238982407396,3.62,-35.39,6.646205793913202,80.99,-0.0283617899704165,-35.42,-1.8439044611665203,3.72,-35.02,7.072857503438103,80.99,-0.0192056590745519,-34.76,-1.7133636537805452,3.81,-35.29,7.077004137572253,80.49,-0.1359201868392942,-34.33,-1.9677475614316504,3.92,-35.57,7.165346906838988,80.57,-0.2571338199043479,-35.6,-1.905511638672709,4.02,-34.43,7.046173296197573,81.11,-0.2115709769635846,-34.41,-2.049397380890164,4.12,-44.26,7.62774287464909,70.16,-0.1296105392942183,-34.04,-2.0223249377487607,4.23,-69.61,-2.6593787836747023,72.22,4.413108249193144,-33.26,6.091805941545805,3.62,-68.61,-2.5241738930695585,72.75,4.598595551769098,-33.25,6.072474420233854,3.69,-69.51,-2.699769921932788,71.39,4.807721087181406,-32.14,6.119620384933231,3.83,-69.84,-2.6979130458424208,73.09,4.904902479364879,-32.93,6.473219964691236,3.94,-69.49,-2.6979130458424208,113.2,4.904902479364879,-33.05,6.473219964691236,3.93,-63.69,-3.0094145056755903,69.88,5.152558363143823,-29.88,7.0866407377922265,4.14,-62.99,-3.100921264732304,71.18,4.88285291906268,-30.58,7.547879496336066,4.23,-60.53,4.525808993386677,73.69,1.7088401447793733,-44.32,1.0351328464050398,3.63,-60.84,4.581983255214379,72.45,1.3572848935501471,-44.69,1.1836726524954795,3.73,-59.74,5.047842960852808,72.65,1.4711788596777418,-46.31,1.2508853329122411,3.83,-60.81,5.282486739198025,69.19,1.5206157481684557,-44.75,1.3384389045564065,3.93,-61.09,5.100657670652806,69.3,1.6047718698245856,-44.85,1.3045949811071853,4.04,-62.21,4.450622936149427,70.24,1.27498627551693,-45.0,1.353282909900554,4.1,-61.95,5.58409658190804,69.97,1.7182238555469593,-46.46,1.1422211313165747,4.23
39,135.0,-35.03,6.551300722030455,80.15,-0.388891527590058,-35.16,-2.190047158446425,3.62,-34.17,7.160451739852822,81.07,-0.0157402460192386,-35.16,-2.0400204721748727,3.72,-34.48,7.612722915125934,80.89,-0.003610714618342,-35.3,-1.8935365581976225,3.81,-34.22,7.642840836327929,80.52,-0.122012490145803,-34.45,-2.184363121478952,3.91,-34.35,7.726165511098213,80.65,-0.2481411282945636,-35.54,-2.092301071708535,4.01,-35.02,7.593695817085244,81.04,-0.2131055329243329,-35.47,-2.250173516827232,4.12,-43.29,8.196881732584838,70.07,-0.1177743909808222,-33.66,-2.236189302512125,4.23,-69.99,-2.86302796911745,72.48,4.78989269276782,-33.03,6.471692222732863,3.62,-69.48,-2.72205579880718,73.42,4.97752244827868,-33.2,6.452372933115719,3.68,-70.27,-2.9037696124629995,72.53,5.204017625271507,-32.38,6.531084402972165,3.83,-69.71,-2.907174761559186,72.39,5.316492568890595,-31.84,6.915308218280044,3.93,-69.49,-2.907174761559186,113.42,5.316492568890595,-32.65,6.915308218280044,3.92,-63.21,-3.241110402084028,70.51,5.603156615304784,-29.53,7.549112166967318,4.14,-63.3,-3.3463378023197623,70.85,5.3055266232103016,-29.36,8.043410877274772,4.23,-59.28,4.870896509151218,74.32,1.859099234561215,-44.02,1.0738930922019112,3.63,-60.67,4.943155287276533,72.52,1.4970026676985533,-44.69,1.2218480228151334,3.72,-59.37,5.4207420117341005,72.72,1.6103723385382562,-44.88,1.2856806564689405,3.83,-60.78,5.665777217371966,69.46,1.6593162852685481,-45.13,1.3923953195805232,3.93,-61.66,5.489661611834327,69.61,1.7403965596002187,-44.95,1.3326341455436854,4.04,-61.86,4.830683855129326,70.23,1.405957657076546,-44.83,1.4124753287777672,4.1,-62.73,5.998603805600614,69.99,1.87811457230338,-46.11,1.2029445061043214,4.23
40,145.0,-34.27,7.042305119532077,80.53,-0.3827330773339386,-35.09,-2.394588660599469,3.62,-31.85,7.670455511392665,80.8,-0.001537437112767,-35.14,-2.2429798652297146,3.71,-32.68,8.14619567075851,80.79,0.0141399963798718,-35.34,-2.0795838245334566,3.81,-32.27,8.207573238467656,80.51,-0.1041079995198906,-34.74,-2.4098118587079327,3.91,-32.52,8.28381886846966,80.77,-0.2337009797145698,-35.5,-2.2836028891413185,4.01,-34.45,8.137694394904022,80.84,-0.2123171645532779,-35.5,-2.4555894781011287,4.12,-43.38,8.75753476829004,69.98,-0.1019965964483103,-34.54,-2.45736056804521,4.23,-69.66,-3.0638492891219,72.66,5.170783854140667,-32.59,6.831884843282864,3.62,-69.82,-2.918553116263431,72.52,5.3576777434706,-31.71,6.8137126443355625,3.68,-70.43,-3.105051427700418,73.98,5.601716565867228,-32.6,6.929480525532549,3.83,-69.9,-3.11495683249109,71.96,5.730697807726244,-30.93,7.34472524643625,3.93,-69.89,-3.11495683249109,113.79,5.730697807726244,-31.78,7.34472524643625,3.92,-63.85,-3.470386519233617,70.87,6.060426944186656,-29.15,7.9931069377656385,4.14,-63.9,-3.5908318429936035,71.0,5.734238525933302,-29.35,8.518827328871023,4.23,-59.28,5.2114903863555275,74.42,2.01082900928766,-43.58,1.1066808763748224,3.63,-59.55,5.302844630366541,72.7,1.6420120021795852,-44.51,1.2512275055841828,3.72,-58.74,5.786285119261669,73.06,1.7534309836790316,-45.28,1.3098202438515905,3.82,-60.63,6.039541262181515,69.57,1.8008332265834908,-45.0,1.4379637097549065,3.92,-62.16,5.873845848364846,69.44,1.8765073423924663,-45.73,1.3481082248002279,4.03,-61.54,5.215749855105425,70.37,1.5416575095732903,-44.84,1.4642062061135277,4.1,-61.48,6.405253681806538,70.36,2.04129477624052,-45.74,1.260495204758238,4.23
41,155.0,-33.68,7.534482512985829,80.23,-0.3706097252882783,-35.71,-2.6035986886772,3.61,-31.53,8.175874299042306,80.58,0.0141173816164137,-35.29,-2.452708745302656,3.71,-31.13,8.672748958388379,80.99,0.0339673942871811,-35.05,-2.2713996483692576,3.8,-31.28,8.770982788591967,80.69,-0.0821393725124169,-34.71,-2.644106897742149,3.9,-30.99,8.838032457322539,80.78,-0.2135924718702123,-35.35,-2.4792978600971107,4.01,-33.09,8.677935611327255,80.85,-0.2091970253510069,-35.63,-2.665476513004812,4.11,-43.36,9.309205469028443,70.36,-0.0821422554507948,-34.49,-2.685754235051529,4.23,-69.86,-3.2615366295284414,72.37,5.555903865464895,-31.8,7.17160299047049,3.62,-69.47,-3.113503578306012,71.95,5.738977220907701,-30.67,7.155899761694712,3.68,-69.84,-3.3034203100204658,74.29,6.000750088763127,-31.85,7.314499091871869,3.83,-69.99,-3.3211545452481803,72.66,6.147470820137436,-30.6,7.761171848299057,3.93,-70.42,-3.3211545452481803,114.19,6.147470820137436,-31.85,7.761171848299057,3.91,-63.82,-3.6970198304285256,71.74,6.524572964647882,-28.23,8.418004127146736,4.13,-64.66,-3.834293970950736,71.44,6.1692556730481165,-28.77,8.973286650533453,4.23,-59.35,5.547181280736766,74.71,2.1639183653625875,-44.36,1.133610720485576,3.62,-59.3,5.660909628631316,72.72,1.7924533736087471,-44.45,1.271723628033689,3.72,-58.42,6.143898360626298,73.37,1.900495506281844,-45.23,1.323100241693186,3.82,-60.48,6.403012744454329,69.78,1.9452266319202915,-44.74,1.4750367809678218,3.92,-61.7,6.252797067327163,69.13,2.012982783340715,-45.26,1.3507571149407933,4.03,-60.97,5.606120498150873,70.93,1.682176091989763,-44.5,1.5084358425518207,4.09,-61.24,6.803408154045361,70.48,2.207757455255917,-45.96,1.315156407410561,4.23
42,165.0,-33.29,8.027907154443767,80.24,-0.3523004176271395,-35.71,-2.816812442490286,3.61,-32.22,8.676365293311324,80.5,0.0310949550357187,-35.51,-2.669133217365307,3.71,-30.61,9.191855966068085,80.98,0.0557923994706769,-34.56,-2.468878225286236,3.8,-32.24,9.3328509313014,80.73,-0.0560392666742412,-35.23,-2.88726136320516,3.9,-30.49,9.388531756026053,80.61,-0.1875947024673367,-35.57,-2.6792667537019645,4.0,-31.34,9.214186048028306,80.91,-0.2037362688181075,-35.57,-2.8796658698312387,4.11,-41.84,9.851397322063804,70.35,-0.0580764677423875,-34.5,-2.921285804234595,4.22,-69.98,-3.455783876177464,72.48,5.945374858893713,-31.4,7.490065851570418,3.61,-69.31,-3.306744917802624,73.0,6.1213366641528255,-30.54,7.478340492994486,3.67,-70.06,-3.49868120179856,73.81,6.401050373753755,-31.3,7.685830441247614,3.82,-70.74,-3.525663186440506,72.9,6.56676423038978,-29.87,8.16434882300766,3.92,-70.12,-3.525663186440506,114.65,6.56676423038978,-30.91,8.16434882300766,3.91,-63.75,-3.920787308972918,72.2,6.995798291546904,-28.32,8.823182812070147,4.13,-65.13,-4.076614770388073,73.35,6.610845110371184,-29.77,9.405946641670692,4.23,-59.79,5.877559848032092,74.4,2.3182561991898765,-44.35,1.154797146095975,3.62,-58.78,6.017208626217772,73.14,1.9484672586015437,-44.35,1.283248917394716,3.72,-58.54,6.493007813018769,73.75,2.051706617528471,-44.99,1.3253167966267216,3.82,-59.74,6.755425535018063,69.92,2.0925565610859582,-44.92,1.503507239107536,3.92,-60.22,6.626101955804082,69.66,2.1497014475843517,-44.75,1.340320712029362,4.03,-59.57,6.002095346338817,71.34,1.8276036633085657,-44.54,1.5451245387366317,4.09,-60.85,7.192429165836628,70.66,2.3774955972471106,-45.61,1.3672112941935275,4.23
43,175.0,-32.65,8.522653295957943,80.37,-0.3275841005245848,-35.77,-3.033965121849402,3.6,-32.5,9.171585684709298,80.66,0.0492660280125631,-36.51,-2.892179386389277,3.7,-31.13,9.702989881850169,81.19,0.0795359322974507,-35.19,-2.6719137508656017,3.8,-32.43,9.89295911119648,80.94,-0.025740339556223,-35.96,-3.1392883797205218,3.9,-29.68,9.935042242949416,80.89,-0.1554867692117888,-35.35,-2.883390339081932,4.0,-29.91,9.746212286680514,81.0,-0.1959260484551673,-35.77,-3.097988796873367,4.1,-41.87,10.383613814659874,70.11,-0.0296643330772005,-34.93,-3.163870776297924,4.22,-69.87,-3.6462849149093577,72.92,6.339318966580327,-30.91,7.786492613857337,3.61,-69.57,-3.498114867620963,73.03,6.504671856768816,-30.4,7.780441046036217,3.67,-70.06,-3.690639045410121,73.48,6.802549600633669,-30.69,8.04316491291727,3.82,-71.38,-3.7283780426781137,74.02,6.988530662748887,-30.14,8.553956969701268,3.92,-70.53,-3.7283780426781137,114.75,6.988530662748887,-30.93,8.553956969701268,3.9,-64.08,-4.141465928170958,72.93,7.474306539742167,-28.1,9.20802206949542,4.13,-64.71,-4.317684825502523,74.52,7.059273883718936,-29.46,9.815965101691372,4.22,-58.93,6.202216743978665,74.29,2.4737314071734082,-44.43,1.1703546747678204,3.62,-58.32,6.371599967272819,73.34,2.110194133773479,-44.84,1.285715900898324,3.71,-58.94,6.833039553629865,74.13,2.2072050286006877,-45.36,1.316266055285192,3.82,-59.06,7.096013504700373,69.56,2.242883073887498,-44.89,1.523267790062315,3.92,-59.22,6.993347200878404,69.78,2.2865419002627627,-45.11,1.3165389121299151,4.03,-59.12,6.4039739617424045,71.52,1.9780304825122985,-44.52,1.5742325953119465,4.09,-60.49,7.571678660699885,70.75,2.550502190111638,-45.91,1.416943045239373,4.23
44,185.0,-31.84,9.018795189580414,80.47,-0.2962397201546776,-36.45,-3.254791926565218,3.6,-31.93,9.6611926637458,80.75,0.0685013454143622,-36.35,-3.121773357346178,3.7,-31.42,10.205623893787177,80.77,0.1051189131345937,-36.01,-2.880400420688564,3.79,-31.18,10.451088772877752,80.92,0.008824751290778,-35.75,-3.400201071911792,3.9,-29.64,10.477289396461828,81.11,-0.1170477698094146,-35.37,-3.0915493853630647,4.0,-30.42,10.27378090895724,81.34,-0.1857575177627736,-35.5,-3.3202765424241534,4.1,-41.86,10.90535843408041,70.23,0.0032290487906543,-35.5,-3.413424651945028,4.21,-69.98,-3.832733631564511,73.41,6.73785832067795,-31.04,8.060102464605922,3.61,-69.88,-3.687451160628732,73.61,6.8888985823185145,-30.06,8.061607628621225,3.66,-70.42,-3.879098783230568,73.75,7.205179949197424,-29.77,8.386192846138321,3.82,-70.9,-3.929194400571053,75.28,7.412722741480366,-30.27,8.929697087519076,3.92,-70.79,-3.929194400571053,115.44,7.412722741480366,-30.75,8.929697087519076,3.89,-64.63,-4.358832661326813,73.14,7.960301324092112,-27.65,9.571900976382096,4.13,-64.57,-4.557394720490998,74.03,7.514809038907808,-28.55,10.202499830004122,4.22,-58.07,6.520742624313646,74.79,2.630232885717062,-44.5,1.1803978280629153,3.61,-58.08,6.723941995943371,73.47,2.2777744757400575,-44.79,1.2790371057755774,3.71,-58.65,7.163419659650372,74.19,2.367131450680272,-45.23,1.2957441643015908,3.82,-58.49,7.424010524328914,69.96,2.3962662301319186,-44.81,1.5342111397204257,3.91,-59.76,7.354119489632935,70.7,2.423382706515333,-45.09,1.2791516113064318,4.02,-58.75,6.812055906434781,71.48,2.133546808583563,-44.61,1.59572031292175,4.08,-60.74,7.940518582154676,70.68,2.7267702217470386,-45.95,1.4646348406803358,4.22
45,195.0,-31.4,9.516407087363232,80.49,-0.2580462226914799,-36.57,-3.479028056448405,3.59,-31.11,10.144843420930409,80.8,0.0886716521085315,-37.94,-3.3578412352076183,3.69,-30.75,10.699231189931654,80.77,0.132462262349197,-36.0,-3.0942324303363336,3.79,-29.19,11.007021360945744,80.76,0.0477233483159023,-35.54,-3.670012564402529,3.89,-30.25,11.014998694932505,81.04,-0.0720568019660595,-36.54,-3.303624661671415,3.99,-30.14,10.796658496531828,81.29,-0.1732218302415138,-35.75,-3.546360354776556,4.09,-41.36,11.416134667589162,70.09,0.040738578107065,-35.77,-3.6698629318794223,4.21,-70.39,-4.014823911983316,74.0,7.141115053339787,-30.5,8.310114591090855,3.6,-70.13,-3.874591529693628,74.29,7.273932624364765,-29.98,8.321246448550832,3.66,-71.01,-4.063865357635322,74.35,7.608873599239576,-30.04,8.714604580168256,3.81,-70.76,-4.12800754672937,74.85,7.839293090849827,-29.31,9.291269975600288,3.91,-70.59,-4.12800754672937,115.96,7.839293090849827,-30.42,9.291269975600288,3.88,-65.19,-4.57266448174465,74.63,8.453986259455181,-28.29,9.914198609689716,4.13,-64.86,-4.7956350395504055,73.42,7.977717621754237,-27.31,10.56470862601758,4.21,-58.24,6.832728144774194,75.03,2.7876495312247167,-43.94,1.1850411275430626,3.61,-57.92,7.07409305637634,74.22,2.4513487611167837,-44.84,1.2631250592575367,3.71,-57.84,7.483574208271069,74.04,2.531626594949,-45.0,1.2635472703089141,3.81,-59.14,7.73865046473134,70.21,2.552766089626228,-45.1,1.5362299939701343,3.91,-60.06,7.7080055091504756,70.27,2.560102431481451,-45.62,1.2278987056228927,4.02,-57.83,7.226640742489096,71.33,2.294242900504959,-44.48,1.6095479922100284,4.08,-59.83,8.298310873720554,71.16,2.9062926800508495,-46.01,1.510569860648651,4.22
46,205.0,-31.2,10.015563241358452,80.23,-0.2127825543090548,-36.98,-3.706408711309636,3.59,-29.5,10.6221951467727,80.74,0.1096476929624858,-36.48,-3.600309124945208,3.69,-29.59,11.183284958336143,80.73,0.1614869003083522,-35.78,-3.31330397539012,3.79,-29.72,11.560538320000992,81.04,0.0910227939682904,-36.0,-3.948735981816289,3.89,-29.93,11.547895616730646,80.65,-0.0202929633875696,-37.11,-3.519496937133036,3.98,-29.89,11.314611631077636,81.02,-0.1583101393919756,-36.54,-3.776071482223532,4.09,-40.72,11.915446002449888,70.16,0.0829991551179196,-35.89,-3.933101116804621,4.21,-70.45,-4.192249642006161,74.24,7.549211296719048,-30.09,8.53574818058682,3.6,-70.26,-4.192249642006161,74.74,7.549211296719048,-29.52,8.53574818058682,3.65,-71.27,-4.244743710999801,75.66,8.013562730554678,-30.07,9.028090454264564,3.81,-71.26,-4.324712767763115,75.16,8.268194335122878,-29.13,9.638376433084105,3.91,-70.95,-4.324712767763115,116.42,8.268194335122878,-30.41,9.638376433084105,3.88,-65.22,-4.782738362728629,75.73,8.955564960689822,-27.72,10.234294046377826,4.12,-65.56,-5.03229636687766,74.1,8.448266678074658,-26.85,10.901749289140374,4.21,-58.1,7.137763961097468,75.1,2.9458702401002532,-44.6,1.1843990947700636,3.61,-57.55,7.421911492718637,74.14,2.631057466519162,-44.84,1.2378922885752643,3.7,-56.72,7.792929276682741,74.16,2.7008311725886487,-44.76,1.2194715199401551,3.81,-58.34,8.039167196735306,70.04,2.7124427121774337,-44.61,1.529217058699707,3.9,-59.34,8.054591946513824,70.28,2.6965796403005027,-45.35,1.1625200911432787,4.02,-57.46,7.648028031978494,71.58,2.4602090172590882,-44.39,1.615675933820766,4.07,-59.18,8.644417478917056,71.31,3.089062552920611,-45.62,1.5550312852765567,4.22
47,215.0,-30.27,10.516337903618131,80.52,-0.1602276611814648,-37.0,-3.936669090959583,3.59,-29.75,11.092905031782252,80.8,0.1313002128436406,-36.52,-3.8491031315305566,3.69,-28.14,11.657258387053192,80.9,0.1921137473791504,-35.91,-3.5375092514311337,3.78,-29.66,12.111421094644031,81.01,0.1387904306970825,-36.54,-4.236384448776631,3.88,-29.23,12.07570564022546,80.92,0.0384646482202093,-37.0,-3.7390469808739786,3.98,-29.27,11.82740689426802,81.08,-0.1410135987147461,-36.62,-4.00924117305804,4.09,-39.93,12.402795925926336,70.31,0.1301456800691061,-35.64,-4.203054707424137,4.21,-70.31,-4.364704707473434,74.85,7.962269182968942,-29.68,8.736222420368497,3.59,-70.69,-4.364704707473434,75.38,7.962269182968942,-29.38,8.736222420368497,3.65,-71.13,-4.4215387856994255,76.72,8.419179522937286,-29.6,9.326340807684728,3.81,-71.33,-4.519205350282334,76.73,8.699379098565133,-29.05,9.970717259109724,3.9,-71.19,-4.519205350282334,116.38,8.699379098565133,-29.75,9.970717259109724,3.87,-65.71,-4.988831277582919,74.83,9.46524104265447,-27.24,10.53156636340597,4.12,-65.71,-5.267269286669669,74.77,8.926723253685505,-27.03,11.212779618781138,4.21,-57.66,7.435440729020629,75.59,3.1047839087475504,-44.54,1.1785862513057213,3.6,-57.15,7.7672556491171765,73.91,2.8170410685626965,-44.85,1.2032513209598232,3.7,-57.16,8.09091094207617,74.6,2.874885894780994,-45.44,1.1633130598283095,3.8,-58.74,8.324794591168471,70.35,2.8753561575925435,-45.1,1.5130650397974101,3.9,-58.83,8.393465488805791,70.29,2.832692898111874,-45.45,1.08275566393157,4.01,-57.78,8.076517336976123,71.36,2.6315354178285517,-44.27,1.6140644383979497,4.06,-59.34,8.978200341263737,71.29,3.275072828253859,-45.59,1.598302294696289,4.21
48,225.0,-29.97,11.018805326194322,80.44,-0.1001604894827729,-37.05,-4.169544395208916,3.58,-29.63,11.55663026646864,80.96,0.1534999566194111,-36.83,-4.104149359935275,3.68,-28.26,12.12062466413534,81.17,0.2242637239286829,-36.15,-3.766742454040585,3.78,-28.53,12.6594511294754,81.08,0.1910936009514195,-36.5,-4.532971089907111,3.88,-27.74,12.598154243786164,80.83,0.104436935151432,-37.21,-3.962155562020296,3.98,-28.87,12.33481086777632,81.35,-0.1213233617104132,-36.76,-4.245700675573037,4.08,-38.78,12.877687925282263,70.63,0.1823130532065126,-35.62,-4.479639204441486,4.2,-70.42,-4.53188299422553,75.64,8.380410844242679,-30.06,8.910756497710565,3.59,-70.78,-4.53188299422553,75.57,8.380410844242679,-28.82,8.910756497710565,3.64,-71.19,-4.594055524109614,76.74,8.825656156181955,-29.05,9.609045979686238,3.8,-71.55,-4.711380580897076,76.38,9.1328000054422,-27.73,10.287993252816351,3.9,-71.66,-4.711380580897076,116.8,9.1328000054422,-29.35,10.287993252816351,3.86,-65.54,-5.190720199611685,75.42,9.983218120207574,-26.92,10.805394637733688,4.12,-65.86,-5.500444383123345,75.7,9.413354394403216,-26.63,11.4969574143485,4.2,-57.08,7.725349104280835,75.59,3.264279433570489,-44.57,1.167717118711838,3.6,-57.35,8.109983869718873,74.38,3.009440043862891,-44.5,1.1591146836422745,3.7,-56.88,8.376945281642142,74.52,3.053931472707814,-45.29,1.0948680366063708,3.8,-58.1,8.594766518858492,70.7,3.0415664856785645,-44.99,1.4876666431515102,3.9,-57.71,8.724212823109173,70.59,2.968320770054951,-45.28,0.9883453200517478,4.01,-57.93,8.51240821955513,71.46,2.8083123611959486,-44.29,1.6046738065855632,4.06,-58.81,9.299021404280138,71.52,3.464316493948134,-45.22,1.6406660690400847,4.21
49,235.0,-29.02,11.52303976113908,80.58,-0.0323599853870414,-36.37,-4.404769823868305,3.58,-28.85,12.013028041341444,80.77,0.1761176691572125,-37.07,-4.365373915130973,3.68,-28.28,12.572856977635132,81.11,0.2578577503240412,-36.42,-4.000897778799683,3.77,-27.35,13.204409869095624,81.18,0.2479996471804417,-36.27,-4.838509029831288,3.87,-27.57,13.114966905781955,81.17,0.1778447997002522,-37.22,-4.188703449698039,3.97,-28.67,12.836590133275894,81.09,-0.099230581879564,-37.66,-4.48528123806148,4.08,-38.47,13.339625487781426,70.32,0.2396361747760271,-35.93,-4.76277010856018,4.2,-70.79,-4.693478388102832,75.88,8.803758412693465,-29.55,9.058569599887706,3.58,-71.05,-4.693478388102832,75.91,8.803758412693465,-29.15,9.058569599887706,3.63,-71.31,-4.762098868605788,76.74,9.232924810083238,-28.56,9.87589630952658,3.79,-71.91,-4.901133746217389,76.83,9.568409680019688,-27.45,10.589905213343185,3.9,-72.16,-4.901133746217389,117.51,9.568409680019688,-28.93,10.589905213343185,3.86,-65.71,-5.3881821021190905,76.02,10.509699808207577,-26.38,11.055157946320524,4.11,-65.72,-5.731712240435598,76.02,9.908427146044223,-26.24,11.753440475251097,4.2,-56.89,8.007079742615245,75.72,3.424245710972948,-44.14,1.1519062185502156,3.6,-57.17,8.449954498670632,74.3,3.2083948690352515,-44.47,1.1053949038536814,3.69,-56.08,8.650458372571435,74.73,3.238108617550885,-45.01,1.0139325969073347,3.8,-58.28,8.848316850633019,70.84,3.2111337562425053,-45.06,1.4529145746502743,3.89,-57.8,9.046420636506776,71.11,3.1033418212691215,-45.19,0.8790289555677909,4.01,-57.47,9.046420636506776,71.78,3.1033418212691215,-44.77,0.8790289555677909,4.05,-57.98,9.606242611485808,71.85,3.6567865379009743,-45.13,1.6824057884401808,4.21
50,245.0,-28.43,12.029115460504457,80.51,0.0433949049316666,-37.23,-4.642080576748424,3.58,-28.16,12.461755546910236,80.91,0.1990240953244599,-37.03,-4.632702902089259,3.67,-28.04,13.013428515605115,81.32,0.2928167469323162,-36.92,-4.2398694212896375,3.77,-27.73,13.746078758105243,81.15,0.3095759118332893,-36.71,-5.153011393172718,3.87,-27.4,13.625869104582046,81.3,0.2589091441608244,-37.75,-4.418571413033262,3.97,-28.0,13.3325112724401,81.14,-0.0747264127227863,-37.46,-4.727814108816326,4.07,-37.86,13.788112100687574,70.46,0.3022499450235376,-36.73,-5.052362920483734,4.19,-71.03,-4.849184774945735,76.29,9.23243402047451,-29.48,9.178880914174604,3.58,-71.07,-4.849184774945735,76.46,9.23243402047451,-28.69,9.178880914174604,3.63,-71.65,-4.925473761563366,77.03,9.640917664435692,-28.36,10.12658213646324,3.79,-72.2,-5.08836013285332,77.2,10.006160746563204,-27.42,10.876153939829424,3.89,-71.93,-5.08836013285332,117.89,10.006160746563204,-28.17,10.876153939829424,3.85,-65.97,-5.580993958409303,76.85,11.044889721512916,-25.47,11.280235366126025,4.11,-65.79,-5.960963442803337,76.48,10.412208554424968,-25.78,11.981386600897553,4.19,-56.49,8.280223299761023,75.89,3.5845716373588075,-44.24,1.131268072382657,3.59,-56.66,8.78702588011937,74.58,3.414046020695281,-44.64,1.042004508825105,3.69,-55.88,8.910876292054837,75.02,3.4275580404919825,-45.21,0.920302887364195,3.79,-57.83,9.084679457319712,71.13,3.3841180290913724,-45.19,1.4087015401819676,3.89,-57.52,9.3596756160814,70.71,3.2376346168937706,-45.36,0.7545464665436805,4.0,-56.99,9.3596756160814,71.94,3.2376346168937706,-44.51,0.7545464665436805,4.04,-58.17,9.899225906400288,71.85,3.8524759480099173,-45.67,1.7238046330288135,4.2
51,255.0,-28.29,12.537106676342509,80.71,0.1273252352992888,-37.61,-4.881211853659945,3.57,-27.77,12.902469973684598,80.94,0.2220899799885689,-37.23,-4.906062425781746,3.67,-27.09,13.441812466097833,81.14,0.3290616341205996,-37.03,-4.483551577091661,3.77,-27.1,14.284239241104794,81.34,0.3758897373591028,-37.66,-5.476491304554959,3.86,-26.65,14.13058631855564,81.43,0.3478508708273027,-37.79,-4.651640221152015,3.96,-27.33,13.822340866942278,81.33,-0.0478020077406672,-37.7,-4.973130536130534,4.06,-37.02,14.222651251264455,70.46,0.3702892641949322,-36.73,-5.348333140915663,4.19,-71.23,-4.998696040594625,77.02,9.666559799739025,-29.07,9.270909627845938,3.58,-71.46,-4.998696040594625,76.69,9.666559799739025,-28.49,9.270909627845938,3.61,-71.95,-5.083985145357769,77.43,10.049566899033874,-28.06,10.360793799753704,3.78,-72.18,-5.272955027414917,77.85,10.446005829338366,-27.22,11.146440231414273,3.88,-72.66,-5.083985145357769,118.19,10.049566899033874,-28.31,10.360793799753704,3.84,-66.38,-5.768932741786488,77.07,11.588991474982038,-25.37,11.480005974109728,4.1,-66.29,-6.188088574423475,76.82,10.924965665361876,-25.68,12.179953590696506,4.19,-56.19,8.544370431455324,76.13,3.7451461091319467,-43.86,1.1059172017709644,3.59,-56.22,9.121056358212002,74.35,3.626533975458484,-45.11,0.9688560257876092,3.69,-55.81,9.15762511728313,74.85,3.6224204527128836,-45.31,0.8137750546099459,3.79,-57.31,9.303088209746221,71.15,3.5605793640321743,-45.39,1.354920245634857,3.88,-56.87,9.663564448915848,70.73,3.3710777220682857,-45.49,0.6146377490433975,4.0,-56.9,9.663564448915848,72.24,3.3710777220682857,-44.5,0.6146377490433975,4.04,-57.53,10.17733323254313,72.1,4.051377712172502,-45.45,1.7651457829382204,4.2
